"Density","Pressure","Velocity:0","Velocity:1","Vorticity","vtkValidPointMask","arc_length","Points:0","Points:1","Points:2"
1.003,100.3,2.773e-06,-1.5257e-06,0.0010263,1,0,-1.3642e-18,3.1416,0
1.003,100.3,-0.0059408,-6.0039e-07,0.00084956,1,0.0062832,0.0062832,3.1416,0
1.003,100.3,-0.011884,3.2655e-07,0.0006729,1,0.012566,0.012566,3.1416,0
1.003,100.3,-0.017828,1.2535e-06,0.00049624,1,0.01885,0.01885,3.1416,0
1.003,100.3,-0.023771,2.1804e-06,0.00031958,1,0.025133,0.025133,3.1416,0
1.003,100.3,-0.029714,2.9137e-06,0.00015841,1,0.031416,0.031416,3.1416,0
1.003,100.3,-0.035653,2.8521e-06,6.2883e-05,1,0.037699,0.037699,3.1416,0
1.003,100.3,-0.041592,2.7905e-06,-3.2645e-05,1,0.043982,0.043982,3.1416,0
1.003,100.3,-0.047532,2.7289e-06,-0.00012817,1,0.050266,0.050266,3.1416,0
1.003,100.3,-0.053471,2.6673e-06,-0.0002237,1,0.056549,0.056549,3.1416,0
1.003,100.3,-0.059406,2.6314e-06,-0.00025292,1,0.062832,0.062832,3.1416,0
1.003,100.3,-0.065334,2.6523e-06,-0.00017555,1,0.069115,0.069115,3.1416,0
1.003,100.3,-0.071262,2.6731e-06,-9.8186e-05,1,0.075398,0.075398,3.1416,0
1.003,100.3,-0.07719,2.694e-06,-2.0818e-05,1,0.081681,0.081681,3.1416,0
1.003,100.3,-0.083118,2.7149e-06,5.6549e-05,1,0.087965,0.087965,3.1416,0
1.0029,100.29,-0.089038,2.6936e-06,0.00012264,1,0.094248,0.094248,3.1416,0
1.0029,100.29,-0.094952,2.6558e-06,0.00018078,1,0.10053,0.10053,3.1416,0
1.0029,100.29,-0.10087,2.618e-06,0.00023892,1,0.10681,0.10681,3.1416,0
1.0029,100.29,-0.10678,2.5803e-06,0.00029706,1,0.1131,0.1131,3.1416,0
1.0029,100.29,-0.11269,2.5425e-06,0.0003552,1,0.11938,0.11938,3.1416,0
1.0029,100.29,-0.11859,2.5584e-06,0.00026355,1,0.12566,0.12566,3.1416,0
1.0029,100.29,-0.12449,2.6046e-06,0.00012711,1,0.13195,0.13195,3.1416,0
1.0029,100.29,-0.13038,2.6508e-06,-9.3325e-06,1,0.13823,0.13823,3.1416,0
1.0029,100.29,-0.13628,2.6969e-06,-0.00014577,1,0.14451,0.14451,3.1416,0
1.0029,100.29,-0.14218,2.7431e-06,-0.00028221,1,0.1508,0.1508,3.1416,0
1.0029,100.29,-0.14805,2.7655e-06,-0.00031864,1,0.15708,0.15708,3.1416,0
1.0029,100.29,-0.15392,2.8007e-06,-0.00035092,1,0.16336,0.16336,3.1416,0
1.0029,100.29,-0.15979,2.8359e-06,-0.00038321,1,0.16965,0.16965,3.1416,0
1.0029,100.29,-0.16566,2.8711e-06,-0.00041549,1,0.17593,0.17593,3.1416,0
1.0028,100.28,-0.17153,2.8715e-06,-0.00041477,1,0.18221,0.18221,3.1416,0
1.0028,100.28,-0.17737,2.7818e-06,-0.00023097,1,0.1885,0.1885,3.1416,0
1.0028,100.28,-0.18321,2.692e-06,-4.7169e-05,1,0.19478,0.19478,3.1416,0
1.0028,100.28,-0.18905,2.6022e-06,0.00013663,1,0.20106,0.20106,3.1416,0
1.0028,100.28,-0.19489,2.5125e-06,0.00032043,1,0.20735,0.20735,3.1416,0
1.0028,100.28,-0.20071,2.4231e-06,0.00044908,1,0.21363,0.21363,3.1416,0
1.0028,100.28,-0.20652,2.3862e-06,0.0004741,1,0.21991,0.21991,3.1416,0
1.0028,100.28,-0.21233,2.3493e-06,0.00049911,1,0.22619,0.22619,3.1416,0
1.0028,100.28,-0.21814,2.3125e-06,0.00052412,1,0.23248,0.23248,3.1416,0
1.0028,100.28,-0.22394,2.2756e-06,0.00054913,1,0.23876,0.23876,3.1416,0
1.0028,100.28,-0.22973,2.3214e-06,0.00041331,1,0.24504,0.24504,3.1416,0
1.0027,100.27,-0.2355,2.4759e-06,0.0001397,1,0.25133,0.25133,3.1416,0
1.0027,100.27,-0.24127,2.6305e-06,-0.00013391,1,0.25761,0.25761,3.1416,0
1.0027,100.27,-0.24704,2.785e-06,-0.00040752,1,0.26389,0.26389,3.1416,0
1.0027,100.27,-0.25281,2.9395e-06,-0.00068113,1,0.27018,0.27018,3.1416,0
1.0027,100.27,-0.25855,2.9636e-06,-0.00071817,1,0.27646,0.27646,3.1416,0
1.0027,100.27,-0.26428,2.9706e-06,-0.00066781,1,0.28274,0.28274,3.1416,0
1.0027,100.27,-0.27,2.9776e-06,-0.00061744,1,0.28903,0.28903,3.1416,0
1.0027,100.27,-0.27573,2.9846e-06,-0.00056707,1,0.29531,0.29531,3.1416,0
1.0026,100.26,-0.28145,2.9916e-06,-0.00051671,1,0.30159,0.30159,3.1416,0
1.0026,100.26,-0.28713,2.6897e-06,-9.3291e-05,1,0.30788,0.30788,3.1416,0
1.0026,100.26,-0.2928,2.3888e-06,0.00036156,1,0.31416,0.31416,3.1416,0
1.0026,100.26,-0.29848,2.0879e-06,0.00081642,1,0.32044,0.32044,3.1416,0
1.0026,100.26,-0.30415,1.787e-06,0.0012713,1,0.32673,0.32673,3.1416,0
1.0026,100.26,-0.30982,1.5473e-06,0.0015783,1,0.33301,0.33301,3.1416,0
1.0026,100.26,-0.31545,2.0129e-06,0.00074989,1,0.33929,0.33929,3.1416,0
1.0025,100.25,-0.32108,2.4785e-06,-7.8477e-05,1,0.34558,0.34558,3.1416,0
1.0025,100.25,-0.32671,2.9441e-06,-0.00090684,1,0.35186,0.35186,3.1416,0
1.0025,100.25,-0.33234,3.4097e-06,-0.0017352,1,0.35814,0.35814,3.1416,0
1.0025,100.25,-0.33794,3.0527e-06,-0.0007023,1,0.36443,0.36443,3.1416,0
1.0025,100.25,-0.34347,9.3754e-07,0.0045242,1,0.37071,0.37071,3.1416,0
1.0025,100.25,-0.349,-1.1776e-06,0.0097506,1,0.37699,0.37699,3.1416,0
1.0025,100.25,-0.35452,-3.2928e-06,0.014977,1,0.38327,0.38327,3.1416,0
1.0024,100.24,-0.36005,-5.408e-06,0.020204,1,0.38956,0.38956,3.1416,0
1.0024,100.24,-0.36589,-3.6761e-06,-0.020056,1,0.39584,0.39584,3.1416,0
1.0024,100.24,-0.37136,-2.0944e-06,-0.014751,1,0.40212,0.40212,3.1416,0
1.0024,100.24,-0.37682,-5.1275e-07,-0.0094456,1,0.40841,0.40841,3.1416,0
1.0024,100.24,-0.38229,1.0689e-06,-0.0041404,1,0.41469,0.41469,3.1416,0
1.0024,100.24,-0.38775,2.6506e-06,0.0011648,1,0.42097,0.42097,3.1416,0
1.0023,100.23,-0.3932,2.9317e-06,0.0020607,1,0.42726,0.42726,3.1416,0
1.0023,100.23,-0.39865,2.6833e-06,0.00099639,1,0.43354,0.43354,3.1416,0
1.0023,100.23,-0.40409,2.4348e-06,-6.7882e-05,1,0.43982,0.43982,3.1416,0
1.0023,100.23,-0.40954,2.1864e-06,-0.0011322,1,0.44611,0.44611,3.1416,0
1.0023,100.23,-0.41499,1.938e-06,-0.0021964,1,0.45239,0.45239,3.1416,0
1.0023,100.23,-0.42036,2.0293e-06,-0.0017647,1,0.45867,0.45867,3.1416,0
1.0022,100.22,-0.42572,2.2054e-06,-0.0011375,1,0.46496,0.46496,3.1416,0
1.0022,100.22,-0.43108,2.3815e-06,-0.0005103,1,0.47124,0.47124,3.1416,0
1.0022,100.22,-0.43644,2.5577e-06,0.00011689,1,0.47752,0.47752,3.1416,0
1.0022,100.22,-0.4418,2.6742e-06,0.00070959,1,0.48381,0.48381,3.1416,0
1.0022,100.22,-0.44709,2.5678e-06,0.00089156,1,0.49009,0.49009,3.1416,0
1.0022,100.22,-0.45238,2.4615e-06,0.0010735,1,0.49637,0.49637,3.1416,0
1.0021,100.21,-0.45767,2.3551e-06,0.0012555,1,0.50266,0.50266,3.1416,0
1.0021,100.21,-0.46296,2.2488e-06,0.0014375,1,0.50894,0.50894,3.1416,0
1.0021,100.21,-0.46823,2.14e-06,0.0014159,1,0.51522,0.51522,3.1416,0
1.0021,100.21,-0.47345,2.1735e-06,0.00084155,1,0.5215,0.5215,3.1416,0
1.0021,100.21,-0.47866,2.2069e-06,0.00026715,1,0.52779,0.52779,3.1416,0
1.002,100.2,-0.48388,2.2403e-06,-0.00030724,1,0.53407,0.53407,3.1416,0
1.002,100.2,-0.48909,2.2737e-06,-0.00088163,1,0.54035,0.54035,3.1416,0
1.002,100.2,-0.49427,2.2957e-06,-0.0012119,1,0.54664,0.54664,3.1416,0
1.002,100.2,-0.49939,2.3953e-06,-0.0012571,1,0.55292,0.55292,3.1416,0
1.002,100.2,-0.50452,2.4949e-06,-0.0013024,1,0.5592,0.5592,3.1416,0
1.002,100.2,-0.50965,2.5945e-06,-0.0013476,1,0.56549,0.56549,3.1416,0
1.0019,100.19,-0.51478,2.6942e-06,-0.0013929,1,0.57177,0.57177,3.1416,0
1.0019,100.19,-0.51984,2.5899e-06,-0.0010266,1,0.57805,0.57805,3.1416,0
1.0019,100.19,-0.52488,2.4449e-06,-0.00044188,1,0.58434,0.58434,3.1416,0
1.0019,100.19,-0.52991,2.2998e-06,0.00014285,1,0.59062,0.59062,3.1416,0
1.0019,100.19,-0.53494,2.1548e-06,0.00072757,1,0.5969,0.5969,3.1416,0
1.0018,100.18,-0.53998,2.0098e-06,0.0013123,1,0.60319,0.60319,3.1416,0
1.0018,100.18,-0.54494,1.859e-06,0.0014189,1,0.60947,0.60947,3.1416,0
1.0018,100.18,-0.54988,1.7613e-06,0.0014389,1,0.61575,0.61575,3.1416,0
1.0018,100.18,-0.55483,1.6637e-06,0.0014589,1,0.62204,0.62204,3.1416,0
1.0018,100.18,-0.55977,1.5661e-06,0.0014788,1,0.62832,0.62832,3.1416,0
1.0017,100.17,-0.56471,1.4354e-06,0.0014701,1,0.6346,0.6346,3.1416,0
1.0017,100.17,-0.56957,1.7251e-06,0.0007402,1,0.64089,0.64089,3.1416,0
1.0017,100.17,-0.57442,2.0148e-06,1.0309e-05,1,0.64717,0.64717,3.1416,0
1.0017,100.17,-0.57927,2.3046e-06,-0.00071959,1,0.65345,0.65345,3.1416,0
1.0017,100.17,-0.58413,2.5943e-06,-0.0014495,1,0.65973,0.65973,3.1416,0
1.0017,100.17,-0.58896,2.7758e-06,-0.0019714,1,0.66602,0.66602,3.1416,0
1.0016,100.16,-0.5937,2.8122e-06,-0.001799,1,0.6723,0.6723,3.1416,0
1.0016,100.16,-0.59845,2.8485e-06,-0.0016267,1,0.67858,0.67858,3.1416,0
1.0016,100.16,-0.6032,2.8848e-06,-0.0014544,1,0.68487,0.68487,3.1416,0
1.0016,100.16,-0.60794,2.9211e-06,-0.0012821,1,0.69115,0.69115,3.1416,0
1.0016,100.16,-0.61264,2.6355e-06,-0.00073594,1,0.69743,0.69743,3.1416,0
1.0016,100.16,-0.61728,2.0321e-06,0.00032107,1,0.70372,0.70372,3.1416,0
1.0015,100.15,-0.62191,1.4287e-06,0.0013781,1,0.71,0.71,3.1416,0
1.0015,100.15,-0.62655,8.2535e-07,0.0024351,1,0.71628,0.71628,3.1416,0
1.0015,100.15,-0.63118,2.2195e-07,0.0034921,1,0.72257,0.72257,3.1416,0
1.0015,100.15,-0.63576,5.1546e-07,0.0027339,1,0.72885,0.72885,3.1416,0
1.0015,100.15,-0.64031,1.4566e-06,0.00084048,1,0.73513,0.73513,3.1416,0
1.0015,100.15,-0.64486,2.3976e-06,-0.001053,1,0.74142,0.74142,3.1416,0
1.0014,100.14,-0.64941,3.3387e-06,-0.0029464,1,0.7477,0.7477,3.1416,0
1.0014,100.14,-0.65395,4.2798e-06,-0.0048399,1,0.75398,0.75398,3.1416,0
1.0014,100.14,-0.65833,4.8534e-07,0.0039251,1,0.76027,0.76027,3.1416,0
1.0014,100.14,-0.66266,-4.3713e-06,0.015234,1,0.76655,0.76655,3.1416,0
1.0014,100.14,-0.667,-9.2279e-06,0.026543,1,0.77283,0.77283,3.1416,0
1.0013,100.13,-0.67133,-1.4084e-05,0.037852,1,0.77912,0.77912,3.1416,0
1.0013,100.13,-0.67645,-5.8292e-06,-0.054611,1,0.7854,0.7854,3.1416,0
1.0013,100.13,-0.68066,-3.772e-06,-0.042421,1,0.79168,0.79168,3.1416,0
1.0013,100.13,-0.68488,-1.6729e-06,-0.030227,1,0.79797,0.79797,3.1416,0
1.0013,100.13,-0.68909,4.263e-07,-0.018032,1,0.80425,0.80425,3.1416,0
1.0013,100.13,-0.69331,2.5255e-06,-0.0058383,1,0.81053,0.81053,3.1416,0
1.0013,100.13,-0.69752,3.96e-06,0.0037598,1,0.81681,0.81681,3.1416,0
1.0013,100.13,-0.70171,2.9039e-06,0.0024564,1,0.8231,0.8231,3.1416,0
1.0012,100.12,-0.70591,1.8478e-06,0.0011531,1,0.82938,0.82938,3.1416,0
1.0012,100.12,-0.7101,7.9166e-07,-0.00015029,1,0.83566,0.83566,3.1416,0
1.0012,100.12,-0.71429,-2.6445e-07,-0.0014536,1,0.84195,0.84195,3.1416,0
1.0012,100.12,-0.71844,-6.7626e-07,-0.0020112,1,0.84823,0.84823,3.1416,0
1.0012,100.12,-0.72249,9.8343e-08,-0.0013754,1,0.85451,0.85451,3.1416,0
1.0012,100.12,-0.72655,8.7294e-07,-0.00073949,1,0.8608,0.8608,3.1416,0
1.0012,100.12,-0.73061,1.6475e-06,-0.00010363,1,0.86708,0.86708,3.1416,0
1.0011,100.11,-0.73466,2.4221e-06,0.00053223,1,0.87336,0.87336,3.1416,0
1.0011,100.11,-0.73865,2.8167e-06,0.00065289,1,0.87965,0.87965,3.1416,0
1.0011,100.11,-0.74259,3.0391e-06,0.00039585,1,0.88593,0.88593,3.1416,0
1.0011,100.11,-0.74652,3.2614e-06,0.00013881,1,0.89221,0.89221,3.1416,0
1.0011,100.11,-0.75046,3.4838e-06,-0.00011823,1,0.8985,0.8985,3.1416,0
1.0011,100.11,-0.75439,3.7061e-06,-0.00037526,1,0.90478,0.90478,3.1416,0
1.0011,100.11,-0.75823,3.1097e-06,-0.00032498,1,0.91106,0.91106,3.1416,0
1.0011,100.11,-0.76203,2.3486e-06,-0.00018232,1,0.91735,0.91735,3.1416,0
1.001,100.1,-0.76583,1.5876e-06,-3.9656e-05,1,0.92363,0.92363,3.1416,0
1.001,100.1,-0.76963,8.2655e-07,0.00010301,1,0.92991,0.92991,3.1416,0
1.001,100.1,-0.77344,6.5513e-08,0.00024567,1,0.9362,0.9362,3.1416,0
1.001,100.1,-0.77711,-1.2401e-07,0.00051076,1,0.94248,0.94248,3.1416,0
1.001,100.1,-0.78078,-2.2424e-07,0.00078095,1,0.94876,0.94876,3.1416,0
1.001,100.1,-0.78444,-3.2446e-07,0.0010511,1,0.95504,0.95504,3.1416,0
1.001,100.1,-0.78811,-4.2468e-07,0.0013213,1,0.96133,0.96133,3.1416,0
1.001,100.1,-0.79176,-4.4704e-07,0.0014545,1,0.96761,0.96761,3.1416,0
1.001,100.1,-0.79529,3.8569e-07,0.00083351,1,0.97389,0.97389,3.1416,0
1.0009,100.09,-0.79883,1.2184e-06,0.00021252,1,0.98018,0.98018,3.1416,0
1.0009,100.09,-0.80237,2.0512e-06,-0.00040849,1,0.98646,0.98646,3.1416,0
1.0009,100.09,-0.8059,2.8839e-06,-0.0010295,1,0.99274,0.99274,3.1416,0
1.0009,100.09,-0.80939,3.3974e-06,-0.0015195,1,0.99903,0.99903,3.1416,0
1.0009,100.09,-0.81278,3.5007e-06,-0.0017621,1,1.0053,1.0053,3.1416,0
1.0009,100.09,-0.81618,3.604e-06,-0.0020048,1,1.0116,1.0116,3.1416,0
1.0009,100.09,-0.81957,3.7072e-06,-0.0022474,1,1.0179,1.0179,3.1416,0
1.0009,100.09,-0.82296,3.8105e-06,-0.00249,1,1.0242,1.0242,3.1416,0
1.0009,100.09,-0.82627,3.2008e-06,-0.0019333,1,1.0304,1.0304,3.1416,0
1.0009,100.09,-0.82951,2.1048e-06,-0.00069018,1,1.0367,1.0367,3.1416,0
1.0009,100.09,-0.83275,1.0088e-06,0.00055293,1,1.043,1.043,3.1416,0
1.0009,100.09,-0.83598,-8.7131e-08,0.001796,1,1.0493,1.0493,3.1416,0
1.0009,100.09,-0.83922,-1.1831e-06,0.0030392,1,1.0556,1.0556,3.1416,0
1.0008,100.08,-0.84236,-1.4616e-06,0.0032849,1,1.0619,1.0619,3.1416,0
1.0008,100.08,-0.84546,-1.3439e-06,0.0031625,1,1.0681,1.0681,3.1416,0
1.0008,100.08,-0.84856,-1.2262e-06,0.0030401,1,1.0744,1.0744,3.1416,0
1.0008,100.08,-0.85167,-1.1084e-06,0.0029177,1,1.0807,1.0807,3.1416,0
1.0008,100.08,-0.85477,-9.9069e-07,0.0027953,1,1.087,1.087,3.1416,0
1.0008,100.08,-0.85775,5.5307e-07,0.00054222,1,1.0933,1.0933,3.1416,0
1.0008,100.08,-0.86071,2.291e-06,-0.0018874,1,1.0996,1.0996,3.1416,0
1.0008,100.08,-0.86368,4.0289e-06,-0.004317,1,1.1058,1.1058,3.1416,0
1.0008,100.08,-0.86665,5.7667e-06,-0.0067467,1,1.1121,1.1121,3.1416,0
1.0008,100.08,-0.86959,6.9144e-06,-0.0083801,1,1.1184,1.1184,3.1416,0
1.0008,100.08,-0.87235,4.1589e-06,-0.0039179,1,1.1247,1.1247,3.1416,0
1.0008,100.08,-0.87511,1.4033e-06,0.00054421,1,1.131,1.131,3.1416,0
1.0008,100.08,-0.87788,-1.3522e-06,0.0050063,1,1.1373,1.1373,3.1416,0
1.0008,100.08,-0.88064,-4.1078e-06,0.0094684,1,1.1435,1.1435,3.1416,0
1.0008,100.08,-0.88343,-1.9879e-06,0.0034204,1,1.1498,1.1498,3.1416,0
1.0008,100.08,-0.8863,1.1352e-05,-0.026308,1,1.1561,1.1561,3.1416,0
1.0008,100.08,-0.88917,2.4691e-05,-0.056037,1,1.1624,1.1624,3.1416,0
1.0008,100.08,-0.89203,3.803e-05,-0.085766,1,1.1687,1.1687,3.1416,0
1.0008,100.08,-0.8949,5.137e-05,-0.11549,1,1.175,1.175,3.1416,0
1.0008,100.08,-0.89564,1.1506e-05,0.12735,1,1.1812,1.1812,3.1416,0
1.0008,100.08,-0.89836,8.3115e-06,0.094754,1,1.1875,1.1875,3.1416,0
1.0008,100.08,-0.90108,5.1169e-06,0.062155,1,1.1938,1.1938,3.1416,0
1.0007,100.07,-0.9038,1.9223e-06,0.029557,1,1.2001,1.2001,3.1416,0
1.0007,100.07,-0.90652,-1.2722e-06,-0.0030409,1,1.2064,1.2064,3.1416,0
1.0007,100.07,-0.90894,-1.1831e-06,-0.0098477,1,1.2127,1.2127,3.1416,0
1.0007,100.07,-0.91122,4.6654e-07,-0.0052372,1,1.2189,1.2189,3.1416,0
1.0007,100.07,-0.9135,2.1162e-06,-0.00062677,1,1.2252,1.2252,3.1416,0
1.0007,100.07,-0.91579,3.7659e-06,0.0039837,1,1.2315,1.2315,3.1416,0
1.0007,100.07,-0.91807,5.4156e-06,0.0085943,1,1.2378,1.2378,3.1416,0
1.0007,100.07,-0.92025,4.2361e-06,0.0068803,1,1.2441,1.2441,3.1416,0
1.0007,100.07,-0.92242,2.7728e-06,0.0043445,1,1.2504,1.2504,3.1416,0
1.0007,100.07,-0.92459,1.3095e-06,0.0018088,1,1.2566,1.2566,3.1416,0
1.0007,100.07,-0.92676,-1.5377e-07,-0.00072698,1,1.2629,1.2629,3.1416,0
1.0007,100.07,-0.92892,-1.5822e-06,-0.0030638,1,1.2692,1.2692,3.1416,0
1.0007,100.07,-0.9309,-1.6198e-06,-0.0030172,1,1.2755,1.2755,3.1416,0
1.0007,100.07,-0.93289,-1.6574e-06,-0.0029706,1,1.2818,1.2818,3.1416,0
1.0007,100.07,-0.93487,-1.695e-06,-0.0029241,1,1.2881,1.2881,3.1416,0
1.0007,100.07,-0.93686,-1.7326e-06,-0.0028775,1,1.2943,1.2943,3.1416,0
1.0007,100.07,-0.93879,-1.5476e-06,-0.0025548,1,1.3006,1.3006,3.1416,0
1.0007,100.07,-0.9406,-4.7425e-07,-0.0014799,1,1.3069,1.3069,3.1416,0
1.0007,100.07,-0.94241,5.9906e-07,-0.00040501,1,1.3132,1.3132,3.1416,0
1.0007,100.07,-0.94421,1.6724e-06,0.00066989,1,1.3195,1.3195,3.1416,0
1.0007,100.07,-0.94602,2.7457e-06,0.0017448,1,1.3258,1.3258,3.1416,0
1.0007,100.07,-0.94775,3.2109e-06,0.0021535,1,1.332,1.332,3.1416,0
1.0007,100.07,-0.9494,3.1303e-06,0.0017828,1,1.3383,1.3383,3.1416,0
1.0007,100.07,-0.95104,3.0497e-06,0.0014121,1,1.3446,1.3446,3.1416,0
1.0007,100.07,-0.95269,2.9691e-06,0.0010415,1,1.3509,1.3509,3.1416,0
1.0007,100.07,-0.95433,2.8884e-06,0.00067081,1,1.3572,1.3572,3.1416,0
1.0007,100.07,-0.95586,2.1221e-06,0.00035856,1,1.3635,1.3635,3.1416,0
1.0007,100.07,-0.95733,1.1102e-06,7.7007e-05,1,1.3697,1.3697,3.1416,0
1.0007,100.07,-0.9588,9.8369e-08,-0.00020454,1,1.376,1.376,3.1416,0
1.0007,100.07,-0.96027,-9.1352e-07,-0.0004861,1,1.3823,1.3823,3.1416,0
1.0007,100.07,-0.96174,-1.9254e-06,-0.00076765,1,1.3886,1.3886,3.1416,0
1.0007,100.07,-0.96306,-2.1115e-06,-0.00049424,1,1.3949,1.3949,3.1416,0
1.0007,100.07,-0.96435,-2.0567e-06,-0.0001199,1,1.4012,1.4012,3.1416,0
1.0007,100.07,-0.96564,-2.0019e-06,0.00025444,1,1.4074,1.4074,3.1416,0
1.0007,100.07,-0.96693,-1.9471e-06,0.00062879,1,1.4137,1.4137,3.1416,0
1.0007,100.07,-0.96821,-1.927e-06,0.00097173,1,1.42,1.42,3.1416,0
1.0007,100.07,-0.96933,-7.438e-07,0.00052259,1,1.4263,1.4263,3.1416,0
1.0007,100.07,-0.97044,4.3944e-07,7.3444e-05,1,1.4326,1.4326,3.1416,0
1.0007,100.07,-0.97156,1.6227e-06,-0.0003757,1,1.4389,1.4389,3.1416,0
1.0007,100.07,-0.97268,2.8059e-06,-0.00082485,1,1.4451,1.4451,3.1416,0
1.0007,100.07,-0.97376,3.5745e-06,-0.0012125,1,1.4514,1.4514,3.1416,0
1.0007,100.07,-0.97469,3.2937e-06,-0.0013948,1,1.4577,1.4577,3.1416,0
1.0007,100.07,-0.97563,3.0129e-06,-0.0015771,1,1.464,1.464,3.1416,0
1.0007,100.07,-0.97656,2.7321e-06,-0.0017594,1,1.4703,1.4703,3.1416,0
1.0007,100.07,-0.9775,2.4513e-06,-0.0019417,1,1.4765,1.4765,3.1416,0
1.0007,100.07,-0.97835,1.5108e-06,-0.0013181,1,1.4828,1.4828,3.1416,0
1.0007,100.07,-0.9791,-1.448e-07,0.00040308,1,1.4891,1.4891,3.1416,0
1.0007,100.07,-0.97984,-1.8004e-06,0.0021242,1,1.4954,1.4954,3.1416,0
1.0007,100.07,-0.98058,-3.456e-06,0.0038454,1,1.5017,1.5017,3.1416,0
1.0007,100.07,-0.98133,-5.1116e-06,0.0055666,1,1.508,1.508,3.1416,0
1.0007,100.07,-0.98198,-4.1707e-06,0.0041913,1,1.5142,1.5142,3.1416,0
1.0007,100.07,-0.98258,-1.4806e-06,0.0008812,1,1.5205,1.5205,3.1416,0
1.0007,100.07,-0.98318,1.2095e-06,-0.0024289,1,1.5268,1.5268,3.1416,0
1.0007,100.07,-0.98378,3.8996e-06,-0.0057391,1,1.5331,1.5331,3.1416,0
1.0007,100.07,-0.98438,6.5897e-06,-0.0090492,1,1.5394,1.5394,3.1416,0
1.0007,100.07,-0.98465,-2.1226e-06,0.010918,1,1.5457,1.5457,3.1416,0
1.0006,100.06,-0.98485,-1.346e-05,0.036442,1,1.5519,1.5519,3.1416,0
1.0006,100.06,-0.98505,-2.4798e-05,0.061967,1,1.5582,1.5582,3.1416,0
1.0006,100.06,-0.98524,-3.6136e-05,0.087492,1,1.5645,1.5645,3.1416,0
1.0006,100.06,-0.98544,-4.7473e-05,0.11302,1,1.5708,1.5708,3.1416,0
1.0006,100.06,-0.98721,-1.3922e-05,-0.094214,1,1.5771,1.5771,3.1416,0
1.0006,100.06,-0.98721,-9.4865e-06,-0.066193,1,1.5834,1.5834,3.1416,0
1.0006,100.06,-0.98721,-5.0513e-06,-0.038172,1,1.5896,1.5896,3.1416,0
1.0006,100.06,-0.98721,-6.1606e-07,-0.010152,1,1.5959,1.5959,3.1416,0
1.0006,100.06,-0.98723,2.6299e-06,0.011586,1,1.6022,1.6022,3.1416,0
1.0006,100.06,-0.98728,1.3074e-06,0.0070641,1,1.6085,1.6085,3.1416,0
1.0006,100.06,-0.98734,-1.5194e-08,0.0025423,1,1.6148,1.6148,3.1416,0
1.0006,100.06,-0.9874,-1.3377e-06,-0.0019795,1,1.6211,1.6211,3.1416,0
1.0006,100.06,-0.98746,-2.6603e-06,-0.0065012,1,1.6273,1.6273,3.1416,0
1.0006,100.06,-0.98743,-3.131e-06,-0.0083062,1,1.6336,1.6336,3.1416,0
1.0006,100.06,-0.98725,-2.0379e-06,-0.0057694,1,1.6399,1.6399,3.1416,0
1.0006,100.06,-0.98707,-9.4488e-07,-0.0032326,1,1.6462,1.6462,3.1416,0
1.0006,100.06,-0.98689,1.4817e-07,-0.00069584,1,1.6525,1.6525,3.1416,0
1.0006,100.06,-0.98672,1.2412e-06,0.0018409,1,1.6588,1.6588,3.1416,0
1.0006,100.06,-0.98644,1.5354e-06,0.0030868,1,1.665,1.665,3.1416,0
1.0006,100.06,-0.98609,1.3781e-06,0.0033864,1,1.6713,1.6713,3.1416,0
1.0006,100.06,-0.98575,1.2209e-06,0.0036861,1,1.6776,1.6776,3.1416,0
1.0006,100.06,-0.9854,1.0636e-06,0.0039857,1,1.6839,1.6839,3.1416,0
1.0006,100.06,-0.98505,9.0637e-07,0.0042853,1,1.6902,1.6902,3.1416,0
1.0006,100.06,-0.98457,3.8144e-07,0.0031238,1,1.6965,1.6965,3.1416,0
1.0006,100.06,-0.98405,-1.539e-07,0.0015221,1,1.7027,1.7027,3.1416,0
1.0005,100.05,-0.98353,-6.8923e-07,-7.9489e-05,1,1.709,1.709,3.1416,0
1.0005,100.05,-0.98301,-1.2246e-06,-0.0016811,1,1.7153,1.7153,3.1416,0
1.0005,100.05,-0.98249,-1.7599e-06,-0.0032827,1,1.7216,1.7216,3.1416,0
1.0005,100.05,-0.98178,-1.6533e-06,-0.0032227,1,1.7279,1.7279,3.1416,0
1.0005,100.05,-0.98106,-1.4416e-06,-0.0030979,1,1.7342,1.7342,3.1416,0
1.0005,100.05,-0.98034,-1.23e-06,-0.002973,1,1.7404,1.7404,3.1416,0
1.0005,100.05,-0.97962,-1.0183e-06,-0.0028481,1,1.7467,1.7467,3.1416,0
1.0005,100.05,-0.97887,-8.6677e-07,-0.0025644,1,1.753,1.753,3.1416,0
1.0005,100.05,-0.97795,-5.486e-07,-0.0014076,1,1.7593,1.7593,3.1416,0
1.0005,100.05,-0.97704,-2.3042e-07,-0.0002508,1,1.7656,1.7656,3.1416,0
1.0005,100.05,-0.97612,8.775e-08,0.000906,1,1.7719,1.7719,3.1416,0
1.0005,100.05,-0.97521,4.0592e-07,0.0020628,1,1.7781,1.7781,3.1416,0
1.0005,100.05,-0.97423,4.7075e-07,0.0027603,1,1.7844,1.7844,3.1416,0
1.0005,100.05,-0.97313,2.7619e-07,0.0025906,1,1.7907,1.7907,3.1416,0
1.0005,100.05,-0.97204,8.1628e-08,0.0024208,1,1.797,1.797,3.1416,0
1.0005,100.05,-0.97094,-1.1293e-07,0.0022511,1,1.8033,1.8033,3.1416,0
1.0005,100.05,-0.96985,-3.0749e-07,0.0020813,1,1.8096,1.8096,3.1416,0
1.0005,100.05,-0.96865,-5.6702e-07,0.0014765,1,1.8158,1.8158,3.1416,0
1.0005,100.05,-0.96737,-7.4255e-07,0.00049766,1,1.8221,1.8221,3.1416,0
1.0005,100.05,-0.9661,-9.1808e-07,-0.00048121,1,1.8284,1.8284,3.1416,0
1.0005,100.05,-0.96482,-1.0936e-06,-0.0014601,1,1.8347,1.8347,3.1416,0
1.0005,100.05,-0.96354,-1.2691e-06,-0.002439,1,1.841,1.841,3.1416,0
1.0005,100.05,-0.96211,-1.2307e-06,-0.0024235,1,1.8473,1.8473,3.1416,0
1.0005,100.05,-0.96063,-1.0117e-06,-0.0020435,1,1.8535,1.8535,3.1416,0
1.0005,100.05,-0.95915,-7.9268e-07,-0.0016634,1,1.8598,1.8598,3.1416,0
1.0005,100.05,-0.95767,-5.7367e-07,-0.0012834,1,1.8661,1.8661,3.1416,0
1.0005,100.05,-0.95619,-3.5466e-07,-0.00090332,1,1.8724,1.8724,3.1416,0
1.0005,100.05,-0.95453,-4.8083e-07,-0.00013112,1,1.8787,1.8787,3.1416,0
1.0005,100.05,-0.95286,-5.5553e-07,0.00067378,1,1.885,1.885,3.1416,0
1.0005,100.05,-0.95119,-6.3022e-07,0.0014787,1,1.8912,1.8912,3.1416,0
1.0005,100.05,-0.94951,-7.0492e-07,0.0022836,1,1.8975,1.8975,3.1416,0
1.0005,100.04,-0.94782,-8.3933e-07,0.0028498,1,1.9038,1.9038,3.1416,0
1.0005,100.04,-0.94597,-7.9781e-07,0.0015845,1,1.9101,1.9101,3.1416,0
1.0005,100.04,-0.94412,-7.5629e-07,0.00031922,1,1.9164,1.9164,3.1416,0
1.0005,100.04,-0.94227,-7.1477e-07,-0.00094605,1,1.9227,1.9227,3.1416,0
1.0005,100.04,-0.94042,-6.7325e-07,-0.0022113,1,1.9289,1.9289,3.1416,0
1.0005,100.04,-0.9385,-1.3688e-06,-0.0018541,1,1.9352,1.9352,3.1416,0
1.0005,100.04,-0.93642,-3.4923e-06,0.0021614,1,1.9415,1.9415,3.1416,0
1.0005,100.04,-0.93434,-5.6158e-06,0.0061769,1,1.9478,1.9478,3.1416,0
1.0005,100.04,-0.93225,-7.7393e-06,0.010192,1,1.9541,1.9541,3.1416,0
1.0005,100.04,-0.93017,-9.8628e-06,0.014208,1,1.9604,1.9604,3.1416,0
1.0005,100.05,-0.92826,3.5846e-06,-0.017491,1,1.9666,1.9666,3.1416,0
1.0005,100.05,-0.92599,2.4368e-06,-0.013057,1,1.9729,1.9729,3.1416,0
1.0005,100.05,-0.92371,1.2889e-06,-0.0086219,1,1.9792,1.9792,3.1416,0
1.0005,100.05,-0.92144,1.4102e-07,-0.0041872,1,1.9855,1.9855,3.1416,0
1.0005,100.05,-0.91917,-1.0068e-06,0.00024746,1,1.9918,1.9918,3.1416,0
1.0005,100.05,-0.91679,-1.4147e-06,0.001211,1,1.9981,1.9981,3.1416,0
1.0005,100.05,-0.91437,-1.3932e-06,0.00063643,1,2.0043,2.0043,3.1416,0
1.0005,100.05,-0.91194,-1.3716e-06,6.1827e-05,1,2.0106,2.0106,3.1416,0
1.0005,100.05,-0.90951,-1.35e-06,-0.00051275,1,2.0169,2.0169,3.1416,0
1.0005,100.05,-0.90709,-1.3285e-06,-0.0010874,1,2.0232,2.0232,3.1416,0
1.0005,100.05,-0.90449,-1.2785e-06,-0.00085986,1,2.0295,2.0295,3.1416,0
1.0005,100.05,-0.90187,-1.1465e-06,-0.00052799,1,2.0358,2.0358,3.1416,0
1.0005,100.05,-0.89925,-1.0144e-06,-0.00019612,1,2.042,2.042,3.1416,0
1.0005,100.05,-0.89663,-8.8234e-07,0.00013574,1,2.0483,2.0483,3.1416,0
1.0005,100.05,-0.89399,-8.3038e-07,0.00043886,1,2.0546,2.0546,3.1416,0
1.0005,100.05,-0.89119,-8.5278e-07,0.00039552,1,2.0609,2.0609,3.1416,0
1.0005,100.05,-0.88838,-8.7519e-07,0.00035219,1,2.0672,2.0672,3.1416,0
1.0005,100.05,-0.88558,-8.9759e-07,0.00030885,1,2.0735,2.0735,3.1416,0
1.0005,100.05,-0.88278,-9.1999e-07,0.00026551,1,2.0797,2.0797,3.1416,0
1.0005,100.05,-0.87992,-1.0377e-06,0.00020668,1,2.086,2.086,3.1416,0
1.0005,100.05,-0.87693,-1.1654e-06,0.00010524,1,2.0923,2.0923,3.1416,0
1.0006,100.06,-0.87394,-1.2931e-06,3.7999e-06,1,2.0986,2.0986,3.1416,0
1.0006,100.06,-0.87095,-1.4208e-06,-9.7643e-05,1,2.1049,2.1049,3.1416,0
1.0006,100.06,-0.86797,-1.5485e-06,-0.00019908,1,2.1112,2.1112,3.1416,0
1.0006,100.06,-0.86489,-1.6762e-06,-0.00021977,1,2.1174,2.1174,3.1416,0
1.0006,100.06,-0.86172,-1.6616e-06,-0.00014664,1,2.1237,2.1237,3.1416,0
1.0006,100.06,-0.85855,-1.647e-06,-7.3519e-05,1,2.13,2.13,3.1416,0
1.0006,100.06,-0.85538,-1.6324e-06,-3.9315e-07,1,2.1363,2.1363,3.1416,0
1.0006,100.06,-0.85221,-1.6178e-06,7.273e-05,1,2.1426,2.1426,3.1416,0
1.0006,100.06,-0.84892,-1.5763e-06,8.0807e-05,1,2.1489,2.1489,3.1416,0
1.0006,100.06,-0.84557,-1.4219e-06,5.4356e-05,1,2.1551,2.1551,3.1416,0
1.0007,100.07,-0.84223,-1.2675e-06,2.7907e-05,1,2.1614,2.1614,3.1416,0
1.0007,100.07,-0.83888,-1.113e-06,1.4566e-06,1,2.1677,2.1677,3.1416,0
1.0007,100.07,-0.83553,-9.5861e-07,-2.4993e-05,1,2.174,2.174,3.1416,0
1.0007,100.07,-0.83203,-1.0025e-06,-8.7072e-05,1,2.1803,2.1803,3.1416,0
1.0007,100.07,-0.82851,-1.0076e-06,-0.00015577,1,2.1866,2.1866,3.1416,0
1.0007,100.07,-0.82498,-1.0128e-06,-0.00022446,1,2.1928,2.1928,3.1416,0
1.0007,100.07,-0.82146,-1.0179e-06,-0.00029316,1,2.1991,2.1991,3.1416,0
1.0007,100.07,-0.81793,-1.0929e-06,-0.00035305,1,2.2054,2.2054,3.1416,0
1.0008,100.08,-0.81423,-1.3086e-06,-0.00019158,1,2.2117,2.2117,3.1416,0
1.0008,100.08,-0.81053,-1.5243e-06,-3.0113e-05,1,2.218,2.218,3.1416,0
1.0008,100.08,-0.80683,-1.7399e-06,0.00013135,1,2.2242,2.2242,3.1416,0
1.0008,100.08,-0.80314,-1.9556e-06,0.00029282,1,2.2305,2.2305,3.1416,0
1.0008,100.08,-0.7994,-2.1708e-06,0.0004201,1,2.2368,2.2368,3.1416,0
1.0008,100.08,-0.79554,-2.1234e-06,0.00043359,1,2.2431,2.2431,3.1416,0
1.0008,100.08,-0.79167,-2.0759e-06,0.00044708,1,2.2494,2.2494,3.1416,0
1.0009,100.09,-0.78781,-2.0285e-06,0.00046057,1,2.2557,2.2557,3.1416,0
1.0009,100.09,-0.78394,-1.9811e-06,0.00047407,1,2.2619,2.2619,3.1416,0
1.0009,100.09,-0.78001,-1.8648e-06,0.0003093,1,2.2682,2.2682,3.1416,0
1.0009,100.09,-0.77599,-1.5153e-06,-9.8707e-05,1,2.2745,2.2745,3.1416,0
1.0009,100.09,-0.77196,-1.1658e-06,-0.00050672,1,2.2808,2.2808,3.1416,0
1.0009,100.09,-0.76794,-8.1637e-07,-0.00091471,1,2.2871,2.2871,3.1416,0
1.001,100.1,-0.76391,-4.669e-07,-0.0013227,1,2.2934,2.2934,3.1416,0
1.001,100.1,-0.75978,-7.5621e-07,-0.0010111,1,2.2996,2.2996,3.1416,0
1.001,100.1,-0.75559,-1.3517e-06,-0.00024976,1,2.3059,2.3059,3.1416,0
1.001,100.1,-0.7514,-1.9473e-06,0.00051164,1,2.3122,2.3122,3.1416,0
1.001,100.1,-0.7472,-2.5428e-06,0.001273,1,2.3185,2.3185,3.1416,0
1.001,100.1,-0.74301,-3.1383e-06,0.0020344,1,2.3248,2.3248,3.1416,0
1.0011,100.11,-0.73873,-1.126e-06,-0.002249,1,2.3311,2.3311,3.1416,0
1.0011,100.11,-0.73443,1.5784e-06,-0.0077382,1,2.3373,2.3373,3.1416,0
1.0011,100.11,-0.73013,4.283e-06,-0.013228,1,2.3436,2.3436,3.1416,0
1.0011,100.11,-0.72582,6.9875e-06,-0.018717,1,2.3499,2.3499,3.1416,0
1.0011,100.11,-0.72114,2.0171e-06,0.026165,1,2.3562,2.3562,3.1416,0
1.0012,100.12,-0.71669,1.0507e-06,0.020187,1,2.3625,2.3625,3.1416,0
1.0012,100.12,-0.71224,8.4255e-08,0.014211,1,2.3688,2.3688,3.1416,0
1.0012,100.12,-0.7078,-8.8219e-07,0.0082335,1,2.375,2.375,3.1416,0
1.0012,100.12,-0.70335,-1.8486e-06,0.0022566,1,2.3813,2.3813,3.1416,0
1.0012,100.12,-0.69886,-2.6103e-06,-0.0023918,1,2.3876,2.3876,3.1416,0
1.0012,100.12,-0.69421,-2.2429e-06,-0.0014797,1,2.3939,2.3939,3.1416,0
1.0013,100.13,-0.68957,-1.8756e-06,-0.00056773,1,2.4002,2.4002,3.1416,0
1.0013,100.13,-0.68492,-1.5082e-06,0.00034431,1,2.4065,2.4065,3.1416,0
1.0013,100.13,-0.68028,-1.1409e-06,0.0012563,1,2.4127,2.4127,3.1416,0
1.0013,100.13,-0.67558,-1.0721e-06,0.0016272,1,2.419,2.419,3.1416,0
1.0013,100.13,-0.6708,-1.3493e-06,0.0011321,1,2.4253,2.4253,3.1416,0
1.0014,100.14,-0.66603,-1.6265e-06,0.00063702,1,2.4316,2.4316,3.1416,0
1.0014,100.14,-0.66125,-1.9038e-06,0.00014193,1,2.4379,2.4379,3.1416,0
1.0014,100.14,-0.65647,-2.181e-06,-0.00035316,1,2.4442,2.4442,3.1416,0
1.0014,100.14,-0.65162,-2.3558e-06,-0.00058678,1,2.4504,2.4504,3.1416,0
1.0015,100.15,-0.6467,-2.3707e-06,-0.0006288,1,2.4567,2.4567,3.1416,0
1.0015,100.15,-0.64178,-2.3856e-06,-0.00067082,1,2.463,2.463,3.1416,0
1.0015,100.15,-0.63687,-2.4005e-06,-0.00071285,1,2.4693,2.4693,3.1416,0
1.0015,100.15,-0.63195,-2.4154e-06,-0.00075487,1,2.4756,2.4756,3.1416,0
1.0015,100.15,-0.62693,-2.3118e-06,-0.00055024,1,2.4819,2.4819,3.1416,0
1.0016,100.16,-0.62188,-2.1117e-06,-0.00027205,1,2.4881,2.4881,3.1416,0
1.0016,100.16,-0.61683,-1.9116e-06,6.1274e-06,1,2.4944,2.4944,3.1416,0
1.0016,100.16,-0.61179,-1.7115e-06,0.00028431,1,2.5007,2.5007,3.1416,0
1.0016,100.16,-0.60674,-1.5115e-06,0.0005625,1,2.507,2.507,3.1416,0
1.0016,100.16,-0.60157,-1.566e-06,0.00053596,1,2.5133,2.5133,3.1416,0
1.0017,100.17,-0.5964,-1.5838e-06,0.00049731,1,2.5196,2.5196,3.1416,0
1.0017,100.17,-0.59123,-1.6016e-06,0.00045866,1,2.5258,2.5258,3.1416,0
1.0017,100.17,-0.58605,-1.6193e-06,0.00042001,1,2.5321,2.5321,3.1416,0
1.0017,100.17,-0.58086,-1.7058e-06,0.0003618,1,2.5384,2.5384,3.1416,0
1.0017,100.17,-0.57557,-1.89e-06,0.00019499,1,2.5447,2.5447,3.1416,0
1.0018,100.18,-0.57028,-2.0742e-06,2.8165e-05,1,2.551,2.551,3.1416,0
1.0018,100.18,-0.56499,-2.2584e-06,-0.00013865,1,2.5573,2.5573,3.1416,0
1.0018,100.18,-0.5597,-2.4426e-06,-0.00030547,1,2.5635,2.5635,3.1416,0
1.0018,100.18,-0.55437,-2.597e-06,-0.00039803,1,2.5698,2.5698,3.1416,0
1.0018,100.18,-0.54896,-2.5763e-06,-0.00035061,1,2.5761,2.5761,3.1416,0
1.0019,100.19,-0.54356,-2.5556e-06,-0.00030318,1,2.5824,2.5824,3.1416,0
1.0019,100.19,-0.53815,-2.5349e-06,-0.00025575,1,2.5887,2.5887,3.1416,0
1.0019,100.19,-0.53274,-2.5142e-06,-0.00020832,1,2.595,2.595,3.1416,0
1.0019,100.19,-0.52728,-2.4299e-06,-0.00013581,1,2.6012,2.6012,3.1416,0
1.002,100.2,-0.52176,-2.2182e-06,-4.1939e-05,1,2.6075,2.6075,3.1416,0
1.002,100.2,-0.51624,-2.0065e-06,5.1933e-05,1,2.6138,2.6138,3.1416,0
1.002,100.2,-0.51072,-1.7948e-06,0.00014581,1,2.6201,2.6201,3.1416,0
1.002,100.2,-0.50521,-1.583e-06,0.00023967,1,2.6264,2.6264,3.1416,0
1.002,100.2,-0.49961,-1.6183e-06,0.00021696,1,2.6327,2.6327,3.1416,0
1.0021,100.21,-0.494,-1.6935e-06,0.00015123,1,2.6389,2.6389,3.1416,0
1.0021,100.21,-0.48838,-1.7687e-06,8.5496e-05,1,2.6452,2.6452,3.1416,0
1.0021,100.21,-0.48276,-1.8439e-06,1.9764e-05,1,2.6515,2.6515,3.1416,0
1.0021,100.21,-0.47714,-1.9191e-06,-4.5965e-05,1,2.6578,2.6578,3.1416,0
1.0021,100.21,-0.47143,-2.2143e-06,-3.2139e-05,1,2.6641,2.6641,3.1416,0
1.0022,100.21,-0.46571,-2.49e-06,-1.1865e-05,1,2.6704,2.6704,3.1416,0
1.0022,100.22,-0.46,-2.7657e-06,8.4097e-06,1,2.6766,2.6766,3.1416,0
1.0022,100.22,-0.45428,-3.0415e-06,2.8685e-05,1,2.6829,2.6829,3.1416,0
1.0022,100.22,-0.44855,-3.2577e-06,4.0849e-05,1,2.6892,2.6892,3.1416,0
1.0022,100.22,-0.44274,-2.7307e-06,-1.0568e-05,1,2.6955,2.6955,3.1416,0
1.0022,100.22,-0.43694,-2.2038e-06,-6.1983e-05,1,2.7018,2.7018,3.1416,0
1.0023,100.23,-0.43113,-1.6769e-06,-0.0001134,1,2.7081,2.7081,3.1416,0
1.0023,100.23,-0.42532,-1.1499e-06,-0.00016482,1,2.7143,2.7143,3.1416,0
1.0023,100.23,-0.41948,-1.7054e-06,7.0709e-05,1,2.7206,2.7206,3.1416,0
1.0023,100.23,-0.41357,-4.6042e-06,0.00095369,1,2.7269,2.7269,3.1416,0
1.0023,100.23,-0.40767,-7.5028e-06,0.0018366,1,2.7332,2.7332,3.1416,0
1.0024,100.24,-0.40176,-1.0402e-05,0.0027196,1,2.7395,2.7395,3.1416,0
1.0024,100.24,-0.39585,-1.33e-05,0.0036026,1,2.7458,2.7458,3.1416,0
1.0024,100.24,-0.39,5.6558e-06,-0.00608,1,2.752,2.752,3.1416,0
1.0024,100.24,-0.38401,3.5529e-06,-0.0045202,1,2.7583,2.7583,3.1416,0
1.0024,100.24,-0.37803,1.45e-06,-0.0029604,1,2.7646,2.7646,3.1416,0
1.0024,100.24,-0.37204,-6.5282e-07,-0.0014006,1,2.7709,2.7709,3.1416,0
1.0025,100.25,-0.36606,-2.7557e-06,0.00015919,1,2.7772,2.7772,3.1416,0
1.0025,100.25,-0.36003,-3.1526e-06,0.0004892,1,2.7835,2.7835,3.1416,0
1.0025,100.25,-0.35398,-2.7548e-06,0.00027362,1,2.7897,2.7897,3.1416,0
1.0025,100.25,-0.34793,-2.357e-06,5.8049e-05,1,2.796,2.796,3.1416,0
1.0025,100.25,-0.34188,-1.9592e-06,-0.00015752,1,2.8023,2.8023,3.1416,0
1.0025,100.25,-0.33583,-1.5614e-06,-0.00037309,1,2.8086,2.8086,3.1416,0
1.0026,100.26,-0.32972,-1.7311e-06,-0.00031252,1,2.8149,2.8149,3.1416,0
1.0026,100.26,-0.32361,-1.9474e-06,-0.00021609,1,2.8212,2.8212,3.1416,0
1.0026,100.26,-0.31749,-2.1638e-06,-0.00011967,1,2.8274,2.8274,3.1416,0
1.0026,100.26,-0.31137,-2.3801e-06,-2.3245e-05,1,2.8337,2.8337,3.1416,0
1.0026,100.26,-0.30525,-2.6089e-06,6.8266e-05,1,2.84,2.84,3.1416,0
1.0026,100.26,-0.29906,-2.7017e-06,9.8804e-05,1,2.8463,2.8463,3.1416,0
1.0026,100.26,-0.29288,-2.7945e-06,0.00012934,1,2.8526,2.8526,3.1416,0
1.0027,100.27,-0.2867,-2.8873e-06,0.00015988,1,2.8589,2.8589,3.1416,0
1.0027,100.27,-0.28052,-2.9801e-06,0.00019042,1,2.8651,2.8651,3.1416,0
1.0027,100.27,-0.27432,-3.0021e-06,0.00019523,1,2.8714,2.8714,3.1416,0
1.0027,100.27,-0.26808,-2.7599e-06,0.00012989,1,2.8777,2.8777,3.1416,0
1.0027,100.27,-0.26185,-2.5177e-06,6.4551e-05,1,2.884,2.884,3.1416,0
1.0027,100.27,-0.25561,-2.2755e-06,-7.9092e-07,1,2.8903,2.8903,3.1416,0
1.0027,100.27,-0.24938,-2.0333e-06,-6.6131e-05,1,2.8966,2.8966,3.1416,0
1.0027,100.27,-0.24312,-1.9079e-06,-0.00010561,1,2.9028,2.9028,3.1416,0
1.0028,100.28,-0.23683,-1.8809e-06,-0.00011533,1,2.9091,2.9091,3.1416,0
1.0028,100.28,-0.23055,-1.8538e-06,-0.00012505,1,2.9154,2.9154,3.1416,0
1.0028,100.28,-0.22426,-1.8268e-06,-0.00013477,1,2.9217,2.9217,3.1416,0
1.0028,100.28,-0.21797,-1.7997e-06,-0.00014449,1,2.928,2.928,3.1416,0
1.0028,100.28,-0.21166,-1.9832e-06,-0.00011781,1,2.9342,2.9342,3.1416,0
1.0028,100.28,-0.20533,-2.2552e-06,-7.2063e-05,1,2.9405,2.9405,3.1416,0
1.0028,100.28,-0.199,-2.5272e-06,-2.6322e-05,1,2.9468,2.9468,3.1416,0
1.0028,100.28,-0.19267,-2.7991e-06,1.942e-05,1,2.9531,2.9531,3.1416,0
1.0028,100.28,-0.18634,-3.0711e-06,6.5161e-05,1,2.9594,2.9594,3.1416,0
1.0028,100.28,-0.17997,-3.1313e-06,8.1191e-05,1,2.9657,2.9657,3.1416,0
1.0029,100.29,-0.1736,-3.1379e-06,9.1633e-05,1,2.9719,2.9719,3.1416,0
1.0029,100.29,-0.16723,-3.1444e-06,0.00010207,1,2.9782,2.9782,3.1416,0
1.0029,100.29,-0.16086,-3.151e-06,0.00011252,1,2.9845,2.9845,3.1416,0
1.0029,100.29,-0.15449,-3.1535e-06,0.00012126,1,2.9908,2.9908,3.1416,0
1.0029,100.29,-0.14809,-2.7887e-06,8.4351e-05,1,2.9971,2.9971,3.1416,0
1.0029,100.29,-0.14169,-2.4239e-06,4.7441e-05,1,3.0034,3.0034,3.1416,0
1.0029,100.29,-0.1353,-2.0592e-06,1.0533e-05,1,3.0096,3.0096,3.1416,0
1.0029,100.29,-0.1289,-1.6944e-06,-2.6377e-05,1,3.0159,3.0159,3.1416,0
1.0029,100.29,-0.12249,-1.4475e-06,-5.7891e-05,1,3.0222,3.0222,3.1416,0
1.0029,100.29,-0.11607,-1.5569e-06,-7.2194e-05,1,3.0285,3.0285,3.1416,0
1.0029,100.29,-0.10964,-1.6664e-06,-8.6498e-05,1,3.0348,3.0348,3.1416,0
1.0029,100.29,-0.10322,-1.7759e-06,-0.0001008,1,3.0411,3.0411,3.1416,0
1.0029,100.29,-0.096794,-1.8854e-06,-0.0001151,1,3.0473,3.0473,3.1416,0
1.0029,100.29,-0.090362,-2.1844e-06,-0.00010393,1,3.0536,3.0536,3.1416,0
1.0029,100.29,-0.083918,-2.7282e-06,-5.8393e-05,1,3.0599,3.0599,3.1416,0
1.003,100.3,-0.077475,-3.2721e-06,-1.2852e-05,1,3.0662,3.0662,3.1416,0
1.003,100.3,-0.071032,-3.8159e-06,3.2688e-05,1,3.0725,3.0725,3.1416,0
1.003,100.3,-0.064588,-4.3598e-06,7.8229e-05,1,3.0788,3.0788,3.1416,0
1.003,100.3,-0.058137,-3.8963e-06,0.00010284,1,3.085,3.085,3.1416,0
1.003,100.3,-0.051682,-2.7965e-06,0.00011411,1,3.0913,3.0913,3.1416,0
1.003,100.3,-0.045226,-1.6967e-06,0.00012539,1,3.0976,3.0976,3.1416,0
1.003,100.3,-0.038771,-5.9694e-07,0.00013667,1,3.1039,3.1039,3.1416,0
1.003,100.3,-0.032315,5.0287e-07,0.00014794,1,3.1102,3.1102,3.1416,0
1.003,100.3,-0.025852,-5.0771e-06,-0.00057173,1,3.1165,3.1165,3.1416,0
1.003,100.3,-0.019388,-1.2254e-05,-0.0014666,1,3.1227,3.1227,3.1416,0
1.003,100.3,-0.012923,-1.9432e-05,-0.0023615,1,3.129,3.129,3.1416,0
1.003,100.3,-0.0064584,-2.6609e-05,-0.0032564,1,3.1353,3.1353,3.1416,0
1.003,100.3,5.7503e-06,2.8792e-05,-0.0042385,1,3.1416,3.1416,3.1416,0
1.003,100.3,0.0064677,2.1623e-05,-0.0033238,1,3.1479,3.1479,3.1416,0
1.003,100.3,0.012929,1.4455e-05,-0.0024092,1,3.1542,3.1542,3.1416,0
1.003,100.3,0.019391,7.286e-06,-0.0014946,1,3.1604,3.1604,3.1416,0
1.003,100.3,0.025853,1.1756e-07,-0.00057997,1,3.1667,3.1667,3.1416,0
1.003,100.3,0.032314,-5.455e-06,0.00015586,1,3.173,3.173,3.1416,0
1.003,100.3,0.03877,-4.357e-06,0.00014181,1,3.1793,3.1793,3.1416,0
1.003,100.3,0.045226,-3.2591e-06,0.00012776,1,3.1856,3.1856,3.1416,0
1.003,100.3,0.051682,-2.1611e-06,0.00011371,1,3.1919,3.1919,3.1416,0
1.003,100.3,0.058138,-1.0632e-06,9.9656e-05,1,3.1981,3.1981,3.1416,0
1.003,100.3,0.064589,-5.9022e-07,7.4224e-05,1,3.2044,3.2044,3.1416,0
1.003,100.3,0.071032,-1.1329e-06,3.0124e-05,1,3.2107,3.2107,3.1416,0
1.003,100.3,0.077475,-1.6755e-06,-1.3974e-05,1,3.217,3.217,3.1416,0
1.0029,100.29,0.083918,-2.2182e-06,-5.8074e-05,1,3.2233,3.2233,3.1416,0
1.0029,100.29,0.090361,-2.7608e-06,-0.00010217,1,3.2296,3.2296,3.1416,0
1.0029,100.29,0.096795,-3.0454e-06,-0.00011246,1,3.2358,3.2358,3.1416,0
1.0029,100.29,0.10322,-3.1547e-06,-9.8179e-05,1,3.2421,3.2421,3.1416,0
1.0029,100.29,0.10965,-3.264e-06,-8.3899e-05,1,3.2484,3.2484,3.1416,0
1.0029,100.29,0.11607,-3.3733e-06,-6.9617e-05,1,3.2547,3.2547,3.1416,0
1.0029,100.29,0.1225,-3.4827e-06,-5.5336e-05,1,3.261,3.261,3.1416,0
1.0029,100.29,0.12891,-3.2173e-06,-2.3924e-05,1,3.2673,3.2673,3.1416,0
1.0029,100.29,0.1353,-2.8534e-06,1.2422e-05,1,3.2735,3.2735,3.1416,0
1.0029,100.29,0.1417,-2.4896e-06,4.8767e-05,1,3.2798,3.2798,3.1416,0
1.0029,100.29,0.1481,-2.1257e-06,8.5114e-05,1,3.2861,3.2861,3.1416,0
1.0029,100.29,0.1545,-1.7619e-06,0.00012146,1,3.2924,3.2924,3.1416,0
1.0029,100.29,0.16087,-1.7416e-06,0.00011316,1,3.2987,3.2987,3.1416,0
1.0029,100.29,0.16724,-1.7481e-06,0.00010294,1,3.305,3.305,3.1416,0
1.0029,100.29,0.17361,-1.7547e-06,9.2715e-05,1,3.3112,3.3112,3.1416,0
1.0028,100.28,0.17998,-1.7613e-06,8.2491e-05,1,3.3175,3.3175,3.1416,0
1.0028,100.28,0.18634,-1.7934e-06,6.6982e-05,1,3.3238,3.3238,3.1416,0
1.0028,100.28,0.19267,-2.0644e-06,2.13e-05,1,3.3301,3.3301,3.1416,0
1.0028,100.28,0.199,-2.3355e-06,-2.4384e-05,1,3.3364,3.3364,3.1416,0
1.0028,100.28,0.20533,-2.6066e-06,-7.0066e-05,1,3.3427,3.3427,3.1416,0
1.0028,100.28,0.21166,-2.8777e-06,-0.00011575,1,3.3489,3.3489,3.1416,0
1.0028,100.28,0.21797,-3.0282e-06,-0.0001422,1,3.3552,3.3552,3.1416,0
1.0028,100.28,0.22426,-3.0011e-06,-0.0001327,1,3.3615,3.3615,3.1416,0
1.0028,100.28,0.23055,-2.9741e-06,-0.0001232,1,3.3678,3.3678,3.1416,0
1.0028,100.28,0.23684,-2.947e-06,-0.00011371,1,3.3741,3.3741,3.1416,0
1.0027,100.27,0.24312,-2.92e-06,-0.00010421,1,3.3804,3.3804,3.1416,0
1.0027,100.27,0.24939,-2.7578e-06,-6.4236e-05,1,3.3866,3.3866,3.1416,0
1.0027,100.27,0.25562,-2.5167e-06,1.5273e-06,1,3.3929,3.3929,3.1416,0
1.0027,100.27,0.26186,-2.2755e-06,6.7294e-05,1,3.3992,3.3992,3.1416,0
1.0027,100.27,0.2681,-2.0344e-06,0.00013306,1,3.4055,3.4055,3.1416,0
1.0027,100.27,0.27433,-1.7932e-06,0.00019882,1,3.4118,3.4118,3.1416,0
1.0027,100.27,0.28053,-1.7742e-06,0.00019439,1,3.4181,3.4181,3.1416,0
1.0027,100.27,0.28671,-1.8667e-06,0.00016395,1,3.4243,3.4243,3.1416,0
1.0026,100.26,0.29289,-1.9592e-06,0.00013351,1,3.4306,3.4306,3.1416,0
1.0026,100.26,0.29907,-2.0518e-06,0.00010307,1,3.4369,3.4369,3.1416,0
1.0026,100.26,0.30525,-2.1443e-06,7.263e-05,1,3.4432,3.4432,3.1416,0
1.0026,100.26,0.31137,-2.3256e-06,-1.9719e-05,1,3.4495,3.4495,3.1416,0
1.0026,100.26,0.31749,-2.5404e-06,-0.00011742,1,3.4558,3.4558,3.1416,0
1.0026,100.26,0.3236,-2.7553e-06,-0.00021512,1,3.462,3.462,3.1416,0
1.0026,100.26,0.32972,-2.9702e-06,-0.00031282,1,3.4683,3.4683,3.1416,0
1.0025,100.25,0.33583,-3.0886e-06,-0.0003741,1,3.4746,3.4746,3.1416,0
1.0025,100.25,0.34188,-2.6931e-06,-0.00015605,1,3.4809,3.4809,3.1416,0
1.0025,100.25,0.34794,-2.2977e-06,6.1998e-05,1,3.4872,3.4872,3.1416,0
1.0025,100.25,0.35399,-1.9023e-06,0.00028005,1,3.4935,3.4935,3.1416,0
1.0025,100.25,0.36004,-1.5069e-06,0.0004981,1,3.4997,3.4997,3.1416,0
1.0025,100.25,0.36607,-1.8496e-06,0.00016281,1,3.506,3.506,3.1416,0
1.0024,100.24,0.37203,-3.9407e-06,-0.0014142,1,3.5123,3.5123,3.1416,0
1.0024,100.24,0.378,-6.0318e-06,-0.0029911,1,3.5186,3.5186,3.1416,0
1.0024,100.24,0.38396,-8.1229e-06,-0.0045681,1,3.5249,3.5249,3.1416,0
1.0024,100.24,0.38993,-1.0214e-05,-0.0061451,1,3.5312,3.5312,3.1416,0
1.0024,100.24,0.39594,8.7531e-06,0.0036774,1,3.5374,3.5374,3.1416,0
1.0024,100.24,0.40183,5.8562e-06,0.002776,1,3.5437,3.5437,3.1416,0
1.0023,100.23,0.40771,2.9593e-06,0.0018746,1,3.55,3.55,3.1416,0
1.0023,100.23,0.4136,6.2421e-08,0.00097327,1,3.5563,3.5563,3.1416,0
1.0023,100.23,0.41948,-2.8345e-06,7.1896e-05,1,3.5626,3.5626,3.1416,0
1.0023,100.23,0.42531,-3.3274e-06,-0.00016712,1,3.5689,3.5689,3.1416,0
1.0023,100.23,0.43112,-2.8004e-06,-0.00011234,1,3.5751,3.5751,3.1416,0
1.0022,100.22,0.43693,-2.2735e-06,-5.7562e-05,1,3.5814,3.5814,3.1416,0
1.0022,100.22,0.44274,-1.7465e-06,-2.7841e-06,1,3.5877,3.5877,3.1416,0
1.0022,100.22,0.44855,-1.2196e-06,5.1996e-05,1,3.594,3.594,3.1416,0
1.0022,100.22,0.45428,-1.3677e-06,3.8874e-05,1,3.6003,3.6003,3.1416,0
1.0022,100.22,0.46,-1.6438e-06,1.6718e-05,1,3.6066,3.6066,3.1416,0
1.0021,100.21,0.46572,-1.9198e-06,-5.4388e-06,1,3.6128,3.6128,3.1416,0
1.0021,100.21,0.47144,-2.1959e-06,-2.7595e-05,1,3.6191,3.6191,3.1416,0
1.0021,100.21,0.47715,-2.4191e-06,-4.282e-05,1,3.6254,3.6254,3.1416,0
1.0021,100.21,0.48277,-2.494e-06,2.243e-05,1,3.6317,3.6317,3.1416,0
1.0021,100.21,0.48839,-2.569e-06,8.7683e-05,1,3.638,3.638,3.1416,0
1.0021,100.21,0.49401,-2.6439e-06,0.00015294,1,3.6443,3.6443,3.1416,0
1.002,100.2,0.49962,-2.7189e-06,0.00021819,1,3.6505,3.6505,3.1416,0
1.002,100.2,0.50522,-2.6774e-06,0.00024109,1,3.6568,3.6568,3.1416,0
1.002,100.2,0.51073,-2.466e-06,0.00014884,1,3.6631,3.6631,3.1416,0
1.002,100.2,0.51625,-2.2545e-06,5.6595e-05,1,3.6694,3.6694,3.1416,0
1.002,100.2,0.52176,-2.043e-06,-3.5652e-05,1,3.6757,3.6757,3.1416,0
1.0019,100.19,0.52728,-1.8315e-06,-0.0001279,1,3.6819,3.6819,3.1416,0
1.0019,100.19,0.53274,-1.6672e-06,-0.00019925,1,3.6882,3.6882,3.1416,0
1.0019,100.19,0.53815,-1.6467e-06,-0.00024659,1,3.6945,3.6945,3.1416,0
1.0019,100.19,0.54355,-1.6262e-06,-0.00029393,1,3.7008,3.7008,3.1416,0
1.0018,100.18,0.54896,-1.6057e-06,-0.00034127,1,3.7071,3.7071,3.1416,0
1.0018,100.18,0.55436,-1.5853e-06,-0.00038861,1,3.7134,3.7134,3.1416,0
1.0018,100.18,0.5597,-1.6552e-06,-0.00029684,1,3.7196,3.7196,3.1416,0
1.0018,100.18,0.56499,-1.8391e-06,-0.00013153,1,3.7259,3.7259,3.1416,0
1.0018,100.18,0.57028,-2.023e-06,3.3774e-05,1,3.7322,3.7322,3.1416,0
1.0017,100.17,0.57558,-2.2069e-06,0.00019909,1,3.7385,3.7385,3.1416,0
1.0017,100.17,0.58087,-2.3908e-06,0.00036439,1,3.7448,3.7448,3.1416,0
1.0017,100.17,0.58606,-2.389e-06,0.00042268,1,3.7511,3.7511,3.1416,0
1.0017,100.17,0.59124,-2.4066e-06,0.00046133,1,3.7573,3.7573,3.1416,0
1.0017,100.17,0.59641,-2.4241e-06,0.00049997,1,3.7636,3.7636,3.1416,0
1.0016,100.16,0.60158,-2.4417e-06,0.00053862,1,3.7699,3.7699,3.1416,0
1.0016,100.16,0.60675,-2.4039e-06,0.00056512,1,3.7762,3.7762,3.1416,0
1.0016,100.16,0.6118,-2.2045e-06,0.00028871,1,3.7825,3.7825,3.1416,0
1.0016,100.16,0.61684,-2.005e-06,1.2297e-05,1,3.7888,3.7888,3.1416,0
1.0016,100.16,0.62189,-1.8055e-06,-0.0002641,1,3.795,3.795,3.1416,0
1.0015,100.15,0.62693,-1.6061e-06,-0.00054052,1,3.8013,3.8013,3.1416,0
1.0015,100.15,0.63194,-1.4074e-06,-0.00074329,1,3.8076,3.8076,3.1416,0
1.0015,100.15,0.63686,-1.4224e-06,-0.00070175,1,3.8139,3.8139,3.1416,0
1.0015,100.15,0.64178,-1.4375e-06,-0.00066021,1,3.8202,3.8202,3.1416,0
1.0015,100.15,0.64669,-1.4525e-06,-0.00061867,1,3.8265,3.8265,3.1416,0
1.0014,100.14,0.65161,-1.4675e-06,-0.00057712,1,3.8327,3.8327,3.1416,0
1.0014,100.14,0.65647,-1.5423e-06,-0.00034481,1,3.839,3.839,3.1416,0
1.0014,100.14,0.66125,-1.8184e-06,0.0001478,1,3.8453,3.8453,3.1416,0
1.0014,100.14,0.66604,-2.0944e-06,0.0006404,1,3.8516,3.8516,3.1416,0
1.0013,100.13,0.67082,-2.3705e-06,0.001133,1,3.8579,3.8579,3.1416,0
1.0013,100.13,0.6756,-2.6466e-06,0.0016256,1,3.8642,3.8642,3.1416,0
1.0013,100.13,0.68029,-2.4756e-06,0.0012572,1,3.8704,3.8704,3.1416,0
1.0013,100.13,0.68493,-2.1099e-06,0.00034918,1,3.8767,3.8767,3.1416,0
1.0013,100.13,0.68956,-1.7441e-06,-0.00055883,1,3.883,3.883,3.1416,0
1.0012,100.12,0.6942,-1.3784e-06,-0.0014668,1,3.8893,3.8893,3.1416,0
1.0012,100.12,0.69883,-1.0127e-06,-0.0023748,1,3.8956,3.8956,3.1416,0
1.0012,100.12,0.70339,-1.6637e-06,0.0022619,1,3.9019,3.9019,3.1416,0
1.0012,100.12,0.70792,-2.6229e-06,0.0082137,1,3.9081,3.9081,3.1416,0
1.0012,100.12,0.71246,-3.5822e-06,0.014166,1,3.9144,3.9144,3.1416,0
1.0011,100.11,0.717,-4.5414e-06,0.020117,1,3.9207,3.9207,3.1416,0
1.0011,100.11,0.72116,-1.3053e-05,-0.024089,1,3.927,3.927,3.1416,0
1.0011,100.11,0.72554,-1.0359e-05,-0.018625,1,3.9333,3.9333,3.1416,0
1.0011,100.11,0.72993,-7.665e-06,-0.013161,1,3.9396,3.9396,3.1416,0
1.0011,100.11,0.73431,-4.9709e-06,-0.0076972,1,3.9458,3.9458,3.1416,0
1.0011,100.11,0.7387,-2.2768e-06,-0.0022334,1,3.9521,3.9521,3.1416,0
1.001,100.1,0.74304,-1.5773e-07,0.0020332,1,3.9584,3.9584,3.1416,0
1.001,100.1,0.74722,-7.5051e-07,0.001275,1,3.9647,3.9647,3.1416,0
1.001,100.1,0.75141,-1.3433e-06,0.00051678,1,3.971,3.971,3.1416,0
1.001,100.1,0.75559,-1.9361e-06,-0.00024145,1,3.9773,3.9773,3.1416,0
1.001,100.1,0.75977,-2.5288e-06,-0.00099964,1,3.9835,3.9835,3.1416,0
1.001,100.1,0.76389,-2.7013e-06,-0.0013103,1,3.9898,3.9898,3.1416,0
1.0009,100.09,0.76793,-2.3535e-06,-0.00090391,1,3.9961,3.9961,3.1416,0
1.0009,100.09,0.77196,-2.0057e-06,-0.00049757,1,4.0024,4.0024,3.1416,0
1.0009,100.09,0.77599,-1.6579e-06,-9.1221e-05,1,4.0087,4.0087,3.1416,0
1.0009,100.09,0.78002,-1.3101e-06,0.00031513,1,4.015,4.015,3.1416,0
1.0009,100.09,0.78396,-1.0757e-06,0.00047893,1,4.0212,4.0212,3.1416,0
1.0009,100.09,0.78782,-1.0286e-06,0.00046545,1,4.0275,4.0275,3.1416,0
1.0008,100.08,0.79168,-9.8153e-07,0.00045197,1,4.0338,4.0338,3.1416,0
1.0008,100.08,0.79555,-9.3445e-07,0.00043849,1,4.0401,4.0401,3.1416,0
1.0008,100.08,0.79941,-8.8737e-07,0.00042501,1,4.0464,4.0464,3.1416,0
1.0008,100.08,0.80315,-9.7944e-07,0.00029826,1,4.0527,4.0527,3.1416,0
1.0008,100.08,0.80684,-1.1936e-06,0.00013746,1,4.0589,4.0589,3.1416,0
1.0008,100.08,0.81054,-1.4077e-06,-2.3349e-05,1,4.0652,4.0652,3.1416,0
1.0008,100.08,0.81423,-1.6218e-06,-0.00018416,1,4.0715,4.0715,3.1416,0
1.0007,100.07,0.81792,-1.836e-06,-0.00034497,1,4.0778,4.0778,3.1416,0
1.0007,100.07,0.82146,-1.7857e-06,-0.00028536,1,4.0841,4.0841,3.1416,0
1.0007,100.07,0.82498,-1.7907e-06,-0.00021707,1,4.0904,4.0904,3.1416,0
1.0007,100.07,0.82851,-1.7957e-06,-0.00014877,1,4.0966,4.0966,3.1416,0
1.0007,100.07,0.83203,-1.8008e-06,-8.0472e-05,1,4.1029,4.1029,3.1416,0
1.0007,100.07,0.83553,-1.7169e-06,-1.8559e-05,1,4.1092,4.1092,3.1416,0
1.0007,100.07,0.83888,-1.5638e-06,7.7216e-06,1,4.1155,4.1155,3.1416,0
1.0007,100.07,0.84223,-1.4107e-06,3.4e-05,1,4.1218,4.1218,3.1416,0
1.0006,100.06,0.84558,-1.2576e-06,6.0281e-05,1,4.1281,4.1281,3.1416,0
1.0006,100.06,0.84893,-1.1044e-06,8.6562e-05,1,4.1343,4.1343,3.1416,0
1.0006,100.06,0.85222,-9.3356e-07,7.8534e-05,1,4.1406,4.1406,3.1416,0
1.0006,100.06,0.85539,-9.1899e-07,5.6883e-06,1,4.1469,4.1469,3.1416,0
1.0006,100.06,0.85856,-9.0442e-07,-6.7151e-05,1,4.1532,4.1532,3.1416,0
1.0006,100.06,0.86173,-8.8985e-07,-0.00014,1,4.1595,4.1595,3.1416,0
1.0006,100.06,0.8649,-8.7528e-07,-0.00021284,1,4.1658,4.1658,3.1416,0
1.0006,100.06,0.86797,-8.6931e-07,-0.00019198,1,4.172,4.172,3.1416,0
1.0006,100.06,0.87096,-9.9524e-07,-9.1092e-05,1,4.1783,4.1783,3.1416,0
1.0005,100.05,0.87395,-1.1212e-06,9.786e-06,1,4.1846,4.1846,3.1416,0
1.0005,100.05,0.87694,-1.2471e-06,0.00011067,1,4.1909,4.1909,3.1416,0
1.0005,100.05,0.87993,-1.373e-06,0.00021156,1,4.1972,4.1972,3.1416,0
1.0005,100.05,0.88278,-1.3551e-06,0.00027017,1,4.2035,4.2035,3.1416,0
1.0005,100.05,0.88558,-1.3776e-06,0.00031316,1,4.2097,4.2097,3.1416,0
1.0005,100.05,0.88839,-1.4002e-06,0.00035615,1,4.216,4.216,3.1416,0
1.0005,100.05,0.89119,-1.4227e-06,0.00039914,1,4.2223,4.2223,3.1416,0
1.0005,100.05,0.894,-1.4453e-06,0.00044213,1,4.2286,4.2286,3.1416,0
1.0005,100.05,0.89663,-1.2579e-06,0.00014054,1,4.2349,4.2349,3.1416,0
1.0005,100.05,0.89925,-1.1281e-06,-0.00019002,1,4.2412,4.2412,3.1416,0
1.0005,100.05,0.90186,-9.9825e-07,-0.00052058,1,4.2474,4.2474,3.1416,0
1.0005,100.05,0.90448,-8.6844e-07,-0.00085111,1,4.2537,4.2537,3.1416,0
1.0005,100.05,0.90708,-6.8043e-07,-0.0010766,1,4.26,4.26,3.1416,0
1.0005,100.05,0.90951,-6.5525e-07,-0.0005044,1,4.2663,4.2663,3.1416,0
1.0005,100.05,0.91194,-6.3006e-07,6.7824e-05,1,4.2726,4.2726,3.1416,0
1.0005,100.05,0.91438,-6.0487e-07,0.00064005,1,4.2789,4.2789,3.1416,0
1.0005,100.05,0.91681,-5.7969e-07,0.0012122,1,4.2851,4.2851,3.1416,0
1.0005,100.05,0.91918,-8.503e-07,0.00024715,1,4.2914,4.2914,3.1416,0
1.0005,100.05,0.92139,-2.0173e-06,-0.0041704,1,4.2977,4.2977,3.1416,0
1.0005,100.05,0.9236,-3.1842e-06,-0.008588,1,4.304,4.304,3.1416,0
1.0005,100.05,0.92581,-4.3511e-06,-0.013006,1,4.3103,4.3103,3.1416,0
1.0005,100.05,0.92802,-5.518e-06,-0.017423,1,4.3166,4.3166,3.1416,0
1.0005,100.04,0.93039,8.2018e-06,0.014143,1,4.3228,4.3228,3.1416,0
1.0005,100.04,0.93241,6.0639e-06,0.010147,1,4.3291,4.3291,3.1416,0
1.0005,100.04,0.93443,3.926e-06,0.0061518,1,4.3354,4.3354,3.1416,0
1.0005,100.04,0.93645,1.7881e-06,0.0021563,1,4.3417,4.3417,3.1416,0
1.0005,100.04,0.93847,-3.4963e-07,-0.001839,1,4.348,4.348,3.1416,0
1.0005,100.04,0.94039,-9.0311e-07,-0.0021964,1,4.3543,4.3543,3.1416,0
1.0005,100.04,0.94225,-8.5836e-07,-0.00093702,1,4.3605,4.3605,3.1416,0
1.0005,100.04,0.94412,-8.1361e-07,0.00032239,1,4.3668,4.3668,3.1416,0
1.0005,100.04,0.94599,-7.6885e-07,0.0015818,1,4.3731,4.3731,3.1416,0
1.0005,100.04,0.94786,-7.2411e-07,0.0028411,1,4.3794,4.3794,3.1416,0
1.0005,100.05,0.94955,-7.1197e-07,0.0022783,1,4.3857,4.3857,3.1416,0
1.0005,100.05,0.95121,-7.8773e-07,0.0014766,1,4.3919,4.3919,3.1416,0
1.0005,100.05,0.95287,-8.6349e-07,0.00067502,1,4.3982,4.3982,3.1416,0
1.0005,100.05,0.95453,-9.3925e-07,-0.0001266,1,4.4045,4.4045,3.1416,0
1.0005,100.05,0.95618,-9.1761e-07,-0.00089498,1,4.4108,4.4108,3.1416,0
1.0005,100.05,0.95766,-6.9978e-07,-0.0012731,1,4.4171,4.4171,3.1416,0
1.0005,100.05,0.95913,-4.8195e-07,-0.0016513,1,4.4234,4.4234,3.1416,0
1.0005,100.05,0.9606,-2.6413e-07,-0.0020295,1,4.4296,4.4296,3.1416,0
1.0005,100.05,0.96208,-4.6297e-08,-0.0024076,1,4.4359,4.4359,3.1416,0
1.0005,100.05,0.9635,1.4123e-07,-0.0024213,1,4.4422,4.4422,3.1416,0
1.0005,100.05,0.9648,-3.2625e-08,-0.0014474,1,4.4485,4.4485,3.1416,0
1.0005,100.05,0.96609,-2.0648e-07,-0.00047336,1,4.4548,4.4548,3.1416,0
1.0005,100.05,0.96738,-3.8033e-07,0.00050064,1,4.4611,4.4611,3.1416,0
1.0005,100.05,0.96868,-5.5418e-07,0.0014746,1,4.4673,4.4673,3.1416,0
1.0005,100.05,0.96988,-6.6117e-07,0.0020768,1,4.4736,4.4736,3.1416,0
1.0005,100.05,0.97098,-8.548e-07,0.0022457,1,4.4799,4.4799,3.1416,0
1.0005,100.05,0.97207,-1.0484e-06,0.0024146,1,4.4862,4.4862,3.1416,0
1.0005,100.05,0.97317,-1.2421e-06,0.0025835,1,4.4925,4.4925,3.1416,0
1.0005,100.05,0.97427,-1.4357e-06,0.0027524,1,4.4988,4.4988,3.1416,0
1.0005,100.05,0.97524,-1.2196e-06,0.0020586,1,4.505,4.505,3.1416,0
1.0005,100.05,0.97614,-9.0297e-07,0.00090695,1,4.5113,4.5113,3.1416,0
1.0005,100.05,0.97703,-5.8638e-07,-0.00024473,1,4.5176,4.5176,3.1416,0
1.0005,100.05,0.97793,-2.6979e-07,-0.0013964,1,4.5239,4.5239,3.1416,0
1.0005,100.05,0.97883,4.6806e-08,-0.0025481,1,4.5302,4.5302,3.1416,0
1.0005,100.05,0.97958,3.505e-07,-0.0028291,1,4.5365,4.5365,3.1416,0
1.0005,100.05,0.9803,5.613e-07,-0.0029533,1,4.5427,4.5427,3.1416,0
1.0005,100.05,0.98101,7.7209e-07,-0.0030775,1,4.549,4.549,3.1416,0
1.0005,100.05,0.98173,9.8289e-07,-0.0032016,1,4.5553,4.5553,3.1416,0
1.0005,100.05,0.98244,1.2421e-06,-0.0032592,1,4.5616,4.5616,3.1416,0
1.0005,100.05,0.98299,7.0934e-07,-0.0016657,1,4.5679,4.5679,3.1416,0
1.0005,100.05,0.98353,1.7665e-07,-7.225e-05,1,4.5742,4.5742,3.1416,0
1.0006,100.06,0.98407,-3.5608e-07,0.0015213,1,4.5804,4.5804,3.1416,0
1.0006,100.06,0.98462,-8.8881e-07,0.0031148,1,4.5867,4.5867,3.1416,0
1.0006,100.06,0.98511,-1.257e-06,0.0042714,1,4.593,4.593,3.1416,0
1.0006,100.06,0.98546,-1.4134e-06,0.0039732,1,4.5993,4.5993,3.1416,0
1.0006,100.06,0.9858,-1.5698e-06,0.0036751,1,4.6056,4.6056,3.1416,0
1.0006,100.06,0.98614,-1.7262e-06,0.0033769,1,4.6119,4.6119,3.1416,0
1.0006,100.06,0.98648,-1.8827e-06,0.0030788,1,4.6181,4.6181,3.1416,0
1.0006,100.06,0.98674,-1.435e-06,0.0018396,1,4.6244,4.6244,3.1416,0
1.0006,100.06,0.98688,-3.4592e-07,-0.00068578,1,4.6307,4.6307,3.1416,0
1.0006,100.06,0.98702,7.4305e-07,-0.003211,1,4.637,4.637,3.1416,0
1.0006,100.06,0.98717,1.8321e-06,-0.0057364,1,4.6433,4.6433,3.1416,0
1.0006,100.06,0.98731,2.9212e-06,-0.0082618,1,4.6496,4.6496,3.1416,0
1.0006,100.06,0.98737,2.6047e-06,-0.0064576,1,4.6558,4.6558,3.1416,0
1.0006,100.06,0.98737,1.2864e-06,-0.0019574,1,4.6621,4.6621,3.1416,0
1.0006,100.06,0.98738,-3.1757e-08,0.0025425,1,4.6684,4.6684,3.1416,0
1.0006,100.06,0.98739,-1.35e-06,0.0070427,1,4.6747,4.6747,3.1416,0
1.0006,100.06,0.9874,-2.6683e-06,0.011543,1,4.681,4.681,3.1416,0
1.0006,100.06,0.98706,7.3525e-07,-0.010118,1,4.6873,4.6873,3.1416,0
1.0006,100.06,0.98665,5.1639e-06,-0.037993,1,4.6935,4.6935,3.1416,0
1.0006,100.06,0.98623,9.5923e-06,-0.065866,1,4.6998,4.6998,3.1416,0
1.0007,100.07,0.98582,1.4021e-05,-0.093741,1,4.7061,4.7061,3.1416,0
1.0007,100.07,0.98716,4.7446e-05,0.1125,1,4.7124,4.7124,3.1416,0
1.0007,100.07,0.98658,3.6185e-05,0.087097,1,4.7187,4.7187,3.1416,0
1.0007,100.07,0.98599,2.4917e-05,0.061693,1,4.725,4.725,3.1416,0
1.0007,100.07,0.9854,1.365e-05,0.036292,1,4.7312,4.7312,3.1416,0
1.0007,100.07,0.98482,2.3814e-06,0.010888,1,4.7375,4.7375,3.1416,0
1.0007,100.07,0.98424,-6.1287e-06,-0.0089977,1,4.7438,4.7438,3.1416,0
1.0007,100.07,0.98369,-3.4533e-06,-0.0057025,1,4.7501,4.7501,3.1416,0
1.0007,100.07,0.98314,-7.7788e-07,-0.0024073,1,4.7564,4.7564,3.1416,0
1.0007,100.07,0.98259,1.8973e-06,0.00088766,1,4.7627,4.7627,3.1416,0
1.0007,100.07,0.98204,4.5727e-06,0.0041829,1,4.7689,4.7689,3.1416,0
1.0007,100.07,0.98141,5.6594e-06,0.0055467,1,4.7752,4.7752,3.1416,0
1.0007,100.07,0.98064,4.0133e-06,0.0038343,1,4.7815,4.7815,3.1416,0
1.0007,100.07,0.97987,2.3672e-06,0.0021219,1,4.7878,4.7878,3.1416,0
1.0007,100.07,0.97911,7.2117e-07,0.00040956,1,4.7941,4.7941,3.1416,0
1.0007,100.07,0.97834,-9.2496e-07,-0.0013029,1,4.8004,4.8004,3.1416,0
1.0007,100.07,0.97747,-1.7034e-06,-0.0019211,1,4.8066,4.8066,3.1416,0
1.0007,100.07,0.97654,-1.9823e-06,-0.0017395,1,4.8129,4.8129,3.1416,0
1.0007,100.07,0.97561,-2.2613e-06,-0.0015579,1,4.8192,4.8192,3.1416,0
1.0007,100.07,0.97467,-2.5402e-06,-0.0013763,1,4.8255,4.8255,3.1416,0
1.0007,100.07,0.97374,-2.8191e-06,-0.0011947,1,4.8318,4.8318,3.1416,0
1.0007,100.07,0.97267,-1.9013e-06,-0.00080931,1,4.8381,4.8381,3.1416,0
1.0007,100.07,0.97155,-7.2526e-07,-0.00036265,1,4.8443,4.8443,3.1416,0
1.0007,100.07,0.97044,4.508e-07,8.4009e-05,1,4.8506,4.8506,3.1416,0
1.0007,100.07,0.96933,1.6268e-06,0.00053063,1,4.8569,4.8569,3.1416,0
1.0007,100.07,0.96822,2.8028e-06,0.00097729,1,4.8632,4.8632,3.1416,0
1.0007,100.07,0.96693,2.9775e-06,0.00063633,1,4.8695,4.8695,3.1416,0
1.0007,100.07,0.96564,3.032e-06,0.00026376,1,4.8758,4.8758,3.1416,0
1.0007,100.07,0.96435,3.0865e-06,-0.0001088,1,4.882,4.882,3.1416,0
1.0007,100.07,0.96305,3.1411e-06,-0.00048136,1,4.8883,4.8883,3.1416,0
1.0007,100.07,0.96173,3.1083e-06,-0.00075268,1,4.8946,4.8946,3.1416,0
1.0007,100.07,0.96026,2.1029e-06,-0.00047174,1,4.9009,4.9009,3.1416,0
1.0007,100.07,0.9588,1.0974e-06,-0.00019081,1,4.9072,4.9072,3.1416,0
1.0007,100.07,0.95733,9.1869e-08,9.0126e-05,1,4.9135,4.9135,3.1416,0
1.0007,100.07,0.95587,-9.1362e-07,0.00037106,1,4.9197,4.9197,3.1416,0
1.0007,100.07,0.95434,-1.5217e-06,0.00068228,1,4.926,4.926,3.1416,0
1.0007,100.07,0.9527,-1.6021e-06,0.0010511,1,4.9323,4.9323,3.1416,0
1.0007,100.07,0.95106,-1.6825e-06,0.0014199,1,4.9386,4.9386,3.1416,0
1.0007,100.07,0.94942,-1.7629e-06,0.0017887,1,4.9449,4.9449,3.1416,0
1.0007,100.07,0.94778,-1.8433e-06,0.0021576,1,4.9512,4.9512,3.1416,0
1.0007,100.07,0.94604,-1.2305e-06,0.001751,1,4.9574,4.9574,3.1416,0
1.0007,100.07,0.94422,-1.6444e-07,0.00068036,1,4.9637,4.9637,3.1416,0
1.0007,100.07,0.9424,9.0165e-07,-0.00039025,1,4.97,4.97,3.1416,0
1.0007,100.07,0.94058,1.9677e-06,-0.0014609,1,4.9763,4.9763,3.1416,0
1.0007,100.07,0.93875,3.0338e-06,-0.0025315,1,4.9826,4.9826,3.1416,0
1.0007,100.07,0.93681,3.369e-06,-0.0028531,1,4.9889,4.9889,3.1416,0
1.0007,100.07,0.93483,3.3325e-06,-0.002899,1,4.9951,4.9951,3.1416,0
1.0007,100.07,0.93285,3.2959e-06,-0.002945,1,5.0014,5.0014,3.1416,0
1.0007,100.07,0.93086,3.2593e-06,-0.0029909,1,5.0077,5.0077,3.1416,0
1.0007,100.07,0.92888,3.2228e-06,-0.0030369,1,5.014,5.014,3.1416,0
1.0007,100.07,0.92675,1.9532e-06,-0.00071059,1,5.0203,5.0203,3.1416,0
1.0007,100.07,0.92462,4.9918e-07,0.0018153,1,5.0266,5.0266,3.1416,0
1.0007,100.07,0.92248,-9.5487e-07,0.0043412,1,5.0328,5.0328,3.1416,0
1.0007,100.07,0.92035,-2.4089e-06,0.0068672,1,5.0391,5.0391,3.1416,0
1.0007,100.07,0.91819,-3.4305e-06,0.0085665,1,5.0454,5.0454,3.1416,0
1.0007,100.07,0.91584,-1.7952e-06,0.0039754,1,5.0517,5.0517,3.1416,0
1.0007,100.07,0.91349,-1.5987e-07,-0.00061607,1,5.058,5.058,3.1416,0
1.0007,100.07,0.91114,1.4755e-06,-0.0052075,1,5.0643,5.0643,3.1416,0
1.0007,100.07,0.90879,3.1109e-06,-0.009799,1,5.0705,5.0705,3.1416,0
1.0007,100.07,0.90647,3.3505e-06,-0.0029819,1,5.0768,5.0768,3.1416,0
1.0007,100.07,0.90423,2.1832e-07,0.02947,1,5.0831,5.0831,3.1416,0
1.0007,100.07,0.90199,-2.9141e-06,0.061925,1,5.0894,5.0894,3.1416,0
1.0007,100.07,0.89974,-6.0466e-06,0.094379,1,5.0957,5.0957,3.1416,0
1.0007,100.07,0.8975,-9.179e-06,0.12683,1,5.102,5.102,3.1416,0
1.0007,100.07,0.89313,-4.913e-05,-0.11497,1,5.1082,5.1082,3.1416,0
1.0007,100.07,0.89072,-3.5793e-05,-0.085381,1,5.1145,5.1145,3.1416,0
1.0008,100.08,0.88831,-2.2456e-05,-0.055785,1,5.1208,5.1208,3.1416,0
1.0008,100.08,0.8859,-9.1185e-06,-0.02619,1,5.1271,5.1271,3.1416,0
1.0008,100.08,0.88348,4.2189e-06,0.0034055,1,5.1334,5.1334,3.1416,0
1.0008,100.08,0.88078,6.4904e-06,0.0094408,1,5.1396,5.1396,3.1416,0
1.0008,100.08,0.87795,3.7368e-06,0.0049969,1,5.1459,5.1459,3.1416,0
1.0008,100.08,0.87512,9.8305e-07,0.00055264,1,5.1522,5.1522,3.1416,0
1.0008,100.08,0.87229,-1.7707e-06,-0.0038916,1,5.1585,5.1585,3.1416,0
1.0008,100.08,0.86946,-4.5245e-06,-0.0083359,1,5.1648,5.1648,3.1416,0
1.0008,100.08,0.86654,-3.2333e-06,-0.0067021,1,5.1711,5.1711,3.1416,0
1.0008,100.08,0.86361,-1.4984e-06,-0.004283,1,5.1773,5.1773,3.1416,0
1.0008,100.08,0.86068,2.3668e-07,-0.0018637,1,5.1836,5.1836,3.1416,0
1.0008,100.08,0.85775,1.9717e-06,0.00055565,1,5.1899,5.1899,3.1416,0
1.0008,100.08,0.8548,3.6501e-06,0.0027965,1,5.1962,5.1962,3.1416,0
1.0008,100.08,0.8517,3.7683e-06,0.002918,1,5.2025,5.2025,3.1416,0
1.0008,100.08,0.8486,3.8865e-06,0.0030395,1,5.2088,5.2088,3.1416,0
1.0008,100.08,0.84551,4.0047e-06,0.0031609,1,5.215,5.215,3.1416,0
1.0008,100.08,0.84241,4.1229e-06,0.0032825,1,5.2213,5.2213,3.1416,0
1.0009,100.09,0.83927,3.9825e-06,0.0030381,1,5.2276,5.2276,3.1416,0
1.0009,100.09,0.83601,2.8878e-06,0.0018004,1,5.2339,5.2339,3.1416,0
1.0009,100.09,0.83276,1.7932e-06,0.00056282,1,5.2402,5.2402,3.1416,0
1.0009,100.09,0.8295,6.9857e-07,-0.0006747,1,5.2465,5.2465,3.1416,0
1.0009,100.09,0.82624,-3.961e-07,-0.0019123,1,5.2527,5.2527,3.1416,0
1.0009,100.09,0.82293,-8.7161e-07,-0.0024674,1,5.259,5.259,3.1416,0
1.0009,100.09,0.81954,-7.6884e-07,-0.0022256,1,5.2653,5.2653,3.1416,0
1.0009,100.09,0.81614,-6.6607e-07,-0.0019838,1,5.2716,5.2716,3.1416,0
1.0009,100.09,0.81275,-5.633e-07,-0.001742,1,5.2779,5.2779,3.1416,0
1.0009,100.09,0.80936,-4.6053e-07,-0.0015002,1,5.2842,5.2842,3.1416,0
1.0009,100.09,0.80588,1.8476e-07,-0.0010124,1,5.2904,5.2904,3.1416,0
1.0009,100.09,0.80236,1.0166e-06,-0.00039452,1,5.2967,5.2967,3.1416,0
1.0009,100.09,0.79883,1.8485e-06,0.00022336,1,5.303,5.303,3.1416,0
1.001,100.1,0.7953,2.6803e-06,0.0008412,1,5.3093,5.3093,3.1416,0
1.001,100.1,0.79177,3.5122e-06,0.0014591,1,5.3156,5.3156,3.1416,0
1.001,100.1,0.78813,3.6189e-06,0.0013256,1,5.3219,5.3219,3.1416,0
1.001,100.1,0.78446,3.519e-06,0.0010563,1,5.3281,5.3281,3.1416,0
1.001,100.1,0.78078,3.419e-06,0.00078703,1,5.3344,5.3344,3.1416,0
1.001,100.1,0.77711,3.3191e-06,0.00051779,1,5.3407,5.3407,3.1416,0
1.001,100.1,0.77344,3.2565e-06,0.00025346,1,5.347,5.347,3.1416,0
1.001,100.1,0.76963,2.4959e-06,0.00011194,1,5.3533,5.3533,3.1416,0
1.001,100.1,0.76583,1.7354e-06,-2.9575e-05,1,5.3596,5.3596,3.1416,0
1.0011,100.11,0.76202,9.7482e-07,-0.00017109,1,5.3658,5.3658,3.1416,0
1.0011,100.11,0.75822,2.1432e-07,-0.0003126,1,5.3721,5.3721,3.1416,0
1.0011,100.11,0.75439,-2.5822e-07,-0.00036256,1,5.3784,5.3784,3.1416,0
1.0011,100.11,0.75045,-3.593e-08,-0.00010654,1,5.3847,5.3847,3.1416,0
1.0011,100.11,0.74652,1.8636e-07,0.00014947,1,5.391,5.391,3.1416,0
1.0011,100.11,0.74259,4.0865e-07,0.00040549,1,5.3973,5.3973,3.1416,0
1.0011,100.11,0.73865,6.3092e-07,0.00066149,1,5.4035,5.4035,3.1416,0
1.0011,100.11,0.73466,1.1469e-06,0.00053987,1,5.4098,5.4098,3.1416,0
1.0012,100.12,0.7306,1.9214e-06,-9.4386e-05,1,5.4161,5.4161,3.1416,0
1.0012,100.12,0.72653,2.6959e-06,-0.00072864,1,5.4224,5.4224,3.1416,0
1.0012,100.12,0.72247,3.4704e-06,-0.0013629,1,5.4287,5.4287,3.1416,0
1.0012,100.12,0.7184,4.2448e-06,-0.0019971,1,5.435,5.435,3.1416,0
1.0012,100.12,0.71427,3.9491e-06,-0.0014405,1,5.4412,5.4412,3.1416,0
1.0012,100.12,0.7101,2.8918e-06,-0.00014134,1,5.4475,5.4475,3.1416,0
1.0012,100.12,0.70592,1.8346e-06,0.0011578,1,5.4538,5.4538,3.1416,0
1.0013,100.13,0.70175,7.773e-07,0.0024569,1,5.4601,5.4601,3.1416,0
1.0013,100.13,0.69757,-2.7988e-07,0.003756,1,5.4664,5.4664,3.1416,0
1.0013,100.13,0.69322,1.286e-06,-0.0058087,1,5.4727,5.4727,3.1416,0
1.0013,100.13,0.68882,3.4057e-06,-0.017958,1,5.4789,5.4789,3.1416,0
1.0013,100.13,0.68443,5.5254e-06,-0.030107,1,5.4852,5.4852,3.1416,0
1.0013,100.13,0.68004,7.6451e-06,-0.042255,1,5.4915,5.4915,3.1416,0
1.0014,100.14,0.67642,2.264e-05,0.049016,1,5.4978,5.4978,3.1416,0
1.0014,100.14,0.67191,1.7851e-05,0.037743,1,5.5041,5.5041,3.1416,0
1.0014,100.14,0.6674,1.3036e-05,0.026467,1,5.5104,5.5104,3.1416,0
1.0014,100.14,0.66289,8.2211e-06,0.015191,1,5.5166,5.5166,3.1416,0
1.0014,100.14,0.65838,3.4062e-06,0.0039146,1,5.5229,5.5229,3.1416,0
1.0014,100.14,0.65387,-2.4201e-07,-0.0048123,1,5.5292,5.5292,3.1416,0
1.0014,100.14,0.64935,6.9262e-07,-0.0029268,1,5.5355,5.5355,3.1416,0
1.0015,100.15,0.64483,1.6273e-06,-0.0010411,1,5.5418,5.5418,3.1416,0
1.0015,100.15,0.64032,2.562e-06,0.00084456,1,5.5481,5.5481,3.1416,0
1.0015,100.15,0.6358,3.4967e-06,0.0027302,1,5.5543,5.5543,3.1416,0
1.0015,100.15,0.63123,3.8913e-06,0.0034832,1,5.5606,5.5606,3.1416,0
1.0015,100.15,0.62658,3.2915e-06,0.0024309,1,5.5669,5.5669,3.1416,0
1.0015,100.15,0.62193,2.6917e-06,0.0013786,1,5.5732,5.5732,3.1416,0
1.0016,100.16,0.61728,2.0918e-06,0.00032632,1,5.5795,5.5795,3.1416,0
1.0016,100.16,0.61263,1.4919e-06,-0.00072598,1,5.5858,5.5858,3.1416,0
1.0016,100.16,0.60792,1.309e-06,-0.0012694,1,5.592,5.592,3.1416,0
1.0016,100.16,0.60317,1.3451e-06,-0.0014405,1,5.5983,5.5983,3.1416,0
1.0016,100.16,0.59842,1.3812e-06,-0.0016116,1,5.6046,5.6046,3.1416,0
1.0016,100.16,0.59368,1.4172e-06,-0.0017827,1,5.6109,5.6109,3.1416,0
1.0017,100.17,0.58893,1.4533e-06,-0.0019539,1,5.6172,5.6172,3.1416,0
1.0017,100.17,0.58411,1.7312e-06,-0.0014353,1,5.6235,5.6235,3.1416,0
1.0017,100.17,0.57926,2.0196e-06,-0.00070967,1,5.6297,5.6297,3.1416,0
1.0017,100.17,0.57442,2.3079e-06,1.6023e-05,1,5.636,5.636,3.1416,0
1.0017,100.17,0.56958,2.5963e-06,0.00074172,1,5.6423,5.6423,3.1416,0
1.0017,100.17,0.56473,2.8846e-06,0.0014674,1,5.6486,5.6486,3.1416,0
1.0018,100.18,0.55979,2.8485e-06,0.0014758,1,5.6549,5.6549,3.1416,0
1.0018,100.18,0.55485,2.7516e-06,0.0014555,1,5.6612,5.6612,3.1416,0
1.0018,100.18,0.5499,2.6546e-06,0.0014353,1,5.6674,5.6674,3.1416,0
1.0018,100.18,0.54495,2.5577e-06,0.001415,1,5.6737,5.6737,3.1416,0
1.0018,100.18,0.53999,2.4974e-06,0.0013081,1,5.68,5.68,3.1416,0
1.0019,100.19,0.53495,2.3526e-06,0.00072751,1,5.6863,5.6863,3.1416,0
1.0019,100.19,0.52991,2.2077e-06,0.00014701,1,5.6926,5.6926,3.1416,0
1.0019,100.19,0.52486,2.0629e-06,-0.00043354,1,5.6989,5.6989,3.1416,0
1.0019,100.19,0.51982,1.9181e-06,-0.0010141,1,5.7051,5.7051,3.1416,0
1.0019,100.19,0.51475,1.8998e-06,-0.0013777,1,5.7114,5.7114,3.1416,0
1.002,100.2,0.50963,1.9986e-06,-0.0013323,1,5.7177,5.7177,3.1416,0
1.002,100.2,0.5045,2.0974e-06,-0.001287,1,5.724,5.724,3.1416,0
1.002,100.2,0.49937,2.1963e-06,-0.0012416,1,5.7303,5.7303,3.1416,0
1.002,100.2,0.49425,2.2951e-06,-0.0011962,1,5.7366,5.7366,3.1416,0
1.002,100.2,0.48908,2.3992e-06,-0.00086899,1,5.7428,5.7428,3.1416,0
1.002,100.2,0.48387,2.4336e-06,-0.00029975,1,5.7491,5.7491,3.1416,0
1.0021,100.21,0.47866,2.4679e-06,0.00026945,1,5.7554,5.7554,3.1416,0
1.0021,100.21,0.47346,2.5023e-06,0.00083869,1,5.7617,5.7617,3.1416,0
1.0021,100.21,0.46825,2.5366e-06,0.0014079,1,5.768,5.768,3.1416,0
1.0021,100.21,0.46298,2.5066e-06,0.001429,1,5.7743,5.7743,3.1416,0
1.0021,100.21,0.45769,2.4009e-06,0.0012482,1,5.7805,5.7805,3.1416,0
1.0022,100.22,0.45239,2.2951e-06,0.0010675,1,5.7868,5.7868,3.1416,0
1.0022,100.22,0.4471,2.1894e-06,0.00088666,1,5.7931,5.7931,3.1416,0
1.0022,100.22,0.4418,2.0836e-06,0.00070586,1,5.7994,5.7994,3.1416,0
1.0022,100.22,0.43644,2.2712e-06,0.00011941,1,5.8057,5.8057,3.1416,0
1.0022,100.22,0.43107,2.444e-06,-0.00050042,1,5.812,5.812,3.1416,0
1.0022,100.22,0.4257,2.6169e-06,-0.0011203,1,5.8182,5.8182,3.1416,0
1.0023,100.23,0.42033,2.7898e-06,-0.00174,1,5.8245,5.8245,3.1416,0
1.0023,100.23,0.41495,2.9481e-06,-0.0021663,1,5.8308,5.8308,3.1416,0
1.0023,100.23,0.40952,2.7045e-06,-0.0011152,1,5.8371,5.8371,3.1416,0
1.0023,100.23,0.40409,2.4609e-06,-6.408e-05,1,5.8434,5.8434,3.1416,0
1.0023,100.23,0.39866,2.2173e-06,0.00098705,1,5.8496,5.8496,3.1416,0
1.0023,100.23,0.39323,1.9738e-06,0.0020381,1,5.8559,5.8559,3.1416,0
1.0024,100.24,0.38776,2.3165e-06,0.001157,1,5.8622,5.8622,3.1416,0
1.0024,100.24,0.38222,3.8756e-06,-0.0040701,1,5.8685,5.8685,3.1416,0
1.0024,100.24,0.37668,5.4347e-06,-0.0092972,1,5.8748,5.8748,3.1416,0
1.0024,100.24,0.37113,6.9938e-06,-0.014524,1,5.8811,5.8811,3.1416,0
1.0024,100.24,0.36559,8.5528e-06,-0.019751,1,5.8873,5.8873,3.1416,0
1.0024,100.24,0.36036,1.032e-05,0.019911,1,5.8936,5.8936,3.1416,0
1.0025,100.25,0.35475,8.2353e-06,0.014758,1,5.8999,5.8999,3.1416,0
1.0025,100.25,0.34914,6.1504e-06,0.0096057,1,5.9062,5.9062,3.1416,0
1.0025,100.25,0.34353,4.0656e-06,0.0044531,1,5.9125,5.9125,3.1416,0
1.0025,100.25,0.33792,1.981e-06,-0.00069918,1,5.9188,5.9188,3.1416,0
1.0025,100.25,0.33231,1.6857e-06,-0.0017104,1,5.925,5.925,3.1416,0
1.0025,100.25,0.32669,2.1424e-06,-0.00089091,1,5.9313,5.9313,3.1416,0
1.0025,100.25,0.32107,2.5991e-06,-7.1473e-05,1,5.9376,5.9376,3.1416,0
1.0026,100.26,0.31546,3.0558e-06,0.00074797,1,5.9439,5.9439,3.1416,0
1.0026,100.26,0.30984,3.5124e-06,0.0015673,1,5.9502,5.9502,3.1416,0
1.0026,100.26,0.30417,3.3283e-06,0.0012623,1,5.9565,5.9565,3.1416,0
1.0026,100.26,0.29849,3.033e-06,0.0008118,1,5.9627,5.9627,3.1416,0
1.0026,100.26,0.29281,2.7378e-06,0.00036128,1,5.969,5.969,3.1416,0
1.0026,100.26,0.28712,2.4425e-06,-8.9237e-05,1,5.9753,5.9753,3.1416,0
1.0026,100.26,0.28144,2.1933e-06,-0.00050895,1,5.9816,5.9816,3.1416,0
1.0027,100.27,0.27572,2.2017e-06,-0.00056027,1,5.9879,5.9879,3.1416,0
1.0027,100.27,0.26999,2.21e-06,-0.00061159,1,5.9942,5.9942,3.1416,0
1.0027,100.27,0.26427,2.2183e-06,-0.00066291,1,6.0004,6.0004,3.1416,0
1.0027,100.27,0.25854,2.2266e-06,-0.00071423,1,6.0067,6.0067,3.1416,0
1.0027,100.27,0.2528,2.2932e-06,-0.00067832,1,6.013,6.013,3.1416,0
1.0027,100.27,0.24704,2.443e-06,-0.00040474,1,6.0193,6.0193,3.1416,0
1.0027,100.27,0.24127,2.5928e-06,-0.00013117,1,6.0256,6.0256,3.1416,0
1.0027,100.27,0.2355,2.7426e-06,0.00014241,1,6.0319,6.0319,3.1416,0
1.0028,100.28,0.22973,2.8925e-06,0.00041598,1,6.0381,6.0381,3.1416,0
1.0028,100.28,0.22394,2.9736e-06,0.00055179,1,6.0444,6.0444,3.1416,0
1.0028,100.28,0.21814,2.9363e-06,0.00052806,1,6.0507,6.0507,3.1416,0
1.0028,100.28,0.21233,2.899e-06,0.00050433,1,6.057,6.057,3.1416,0
1.0028,100.28,0.20652,2.8617e-06,0.0004806,1,6.0633,6.0633,3.1416,0
1.0028,100.28,0.20072,2.8244e-06,0.00045687,1,6.0696,6.0696,3.1416,0
1.0028,100.28,0.19489,2.7714e-06,0.00032668,1,6.0758,6.0758,3.1416,0
1.0028,100.28,0.18904,2.6864e-06,0.00014046,1,6.0821,6.0821,3.1416,0
1.0028,100.28,0.1832,2.6013e-06,-4.5752e-05,1,6.0884,6.0884,3.1416,0
1.0028,100.28,0.17736,2.5162e-06,-0.00023197,1,6.0947,6.0947,3.1416,0
1.0028,100.28,0.17152,2.4311e-06,-0.00041818,1,6.101,6.101,3.1416,0
1.0029,100.29,0.16565,2.4614e-06,-0.00042054,1,6.1073,6.1073,3.1416,0
1.0029,100.29,0.15978,2.497e-06,-0.00038943,1,6.1135,6.1135,3.1416,0
1.0029,100.29,0.15391,2.5326e-06,-0.00035832,1,6.1198,6.1198,3.1416,0
1.0029,100.29,0.14804,2.5681e-06,-0.0003272,1,6.1261,6.1261,3.1416,0
1.0029,100.29,0.14217,2.6147e-06,-0.00029202,1,6.1324,6.1324,3.1416,0
1.0029,100.29,0.13627,2.6552e-06,-0.00014999,1,6.1387,6.1387,3.1416,0
1.0029,100.29,0.13038,2.6956e-06,-7.9763e-06,1,6.145,6.145,3.1416,0
1.0029,100.29,0.12448,2.7361e-06,0.00013405,1,6.1512,6.1512,3.1416,0
1.0029,100.29,0.11859,2.7766e-06,0.00027608,1,6.1575,6.1575,3.1416,0
1.0029,100.29,0.11269,2.8075e-06,0.00037137,1,6.1638,6.1638,3.1416,0
1.0029,100.29,0.10678,2.7704e-06,0.00031272,1,6.1701,6.1701,3.1416,0
1.0029,100.29,0.10086,2.7333e-06,0.00025407,1,6.1764,6.1764,3.1416,0
1.0029,100.29,0.094948,2.6963e-06,0.00019542,1,6.1827,6.1827,3.1416,0
1.0029,100.29,0.089033,2.6592e-06,0.00013677,1,6.1889,6.1889,3.1416,0
1.003,100.3,0.083113,2.6564e-06,6.5256e-05,1,6.1952,6.1952,3.1416,0
1.003,100.3,0.077184,2.686e-06,-2.3431e-05,1,6.2015,6.2015,3.1416,0
1.003,100.3,0.071255,2.7155e-06,-0.00011211,1,6.2078,6.2078,3.1416,0
1.003,100.3,0.065326,2.7451e-06,-0.0002008,1,6.2141,6.2141,3.1416,0
1.003,100.3,0.059397,2.7746e-06,-0.00028948,1,6.2204,6.2204,3.1416,0
1.003,100.3,0.053463,2.7435e-06,-0.00025184,1,6.2266,6.2266,3.1416,0
1.003,100.3,0.047526,2.6686e-06,-0.00013513,1,6.2329,6.2329,3.1416,0
1.003,100.3,0.04159,2.5937e-06,-1.8431e-05,1,6.2392,6.2392,3.1416,0
1.003,100.3,0.035652,2.5189e-06,9.8278e-05,1,6.2455,6.2455,3.1416,0
1.003,100.3,0.029715,2.444e-06,0.00021499,1,6.2518,6.2518,3.1416,0
1.003,100.3,0.023773,3.2206e-06,0.0002632,1,6.2581,6.2581,3.1416,0
1.003,100.3,0.017829,4.1987e-06,0.00029535,1,6.2643,6.2643,3.1416,0
1.003,100.3,0.011886,5.1767e-06,0.0003275,1,6.2706,6.2706,3.1416,0
1.003,100.3,0.0059417,6.1548e-06,0.00035965,1,6.2769,6.2769,3.1416,0
1.003,100.3,-2.0815e-06,7.1329e-06,0.0003918,1,6.2832,6.2832,3.1416,0
