Density,Pressure,Velocity:0,Velocity:1,Vorticity,vtkValidPointMask,arc_length,Points:0,Points:1,Points:2
1.00298,100.298,-0.000002718615,-0.000000014541979,0.000015283338,1,0,3.1415927,1.8752701E-17,0
1.0029782,100.29782,-0.0000027010801,0.0064578056,0.000011317359,1,0.0062831896,3.1415927,0.0062831896,0
1.0029764,100.29765,-0.0000026900716,0.012915633,0.0000077207333,1,0.012566379,3.1415927,0.012566379,0
1.0029747,100.29747,-0.0000026790631,0.01937346,0.0000041241074,1,0.018849568,3.1415927,0.018849568,0
1.002973,100.29729,-0.0000026680545,0.025831288,0.00000052748157,1,0.025132759,3.1415927,0.025132759,0
1.0029712,100.29712,-0.000002657046,0.032289118,-0.0000030691456,1,0.031415951,3.1415927,0.031415951,0
1.0029694,100.29694,-0.0000026460373,0.038746942,-0.0000066657694,1,0.037699137,3.1415927,0.037699137,0
1.0029677,100.29677,-0.0000026350287,0.045204766,-0.000010262395,1,0.043982327,3.1415927,0.043982327,0
1.0029659,100.29659,-0.0000026240202,0.051662594,-0.000013859021,1,0.050265517,3.1415927,0.050265517,0
1.0029641,100.29641,-0.0000026130117,0.058120422,-0.000017455648,1,0.056548707,3.1415927,0.056548707,0
1.0029624,100.29623,-0.0000026020032,0.064578258,-0.000021052276,1,0.062831901,3.1415927,0.062831901,0
1.0029606,100.29606,-0.0000025909947,0.071036078,-0.0000246489,1,0.069115087,3.1415927,0.069115087,0
1.002956,100.29561,-0.0000025617742,0.077471495,-0.000026992686,1,0.075398274,3.1415927,0.075398274,0
1.0029498,100.29499,-0.0000025528943,0.083894119,-0.000028040937,1,0.081681468,3.1415927,0.081681468,0
1.0029438,100.29437,-0.0000025440145,0.090316743,-0.000029089188,1,0.087964654,3.1415927,0.087964654,0
1.0029376,100.29376,-0.0000025351346,0.096739374,-0.00003013744,1,0.094247848,3.1415927,0.094247848,0
1.0029314,100.29314,-0.0000025262548,0.10316199,-0.000031185689,1,0.10053103,3.1415927,0.10053103,0
1.0029253,100.29253,-0.0000025173749,0.10958462,-0.000032233944,1,0.10681423,3.1415927,0.10681423,0
1.0029191,100.29191,-0.0000025084951,0.11600724,-0.000033282195,1,0.11309741,3.1415927,0.11309741,0
1.002913,100.2913,-0.0000024996152,0.12242987,-0.000034330445,1,0.11938061,3.1415927,0.11938061,0
1.0029068,100.29068,-0.0000024907356,0.1288525,-0.000035378696,1,0.1256638,3.1415927,0.1256638,0
1.0029006,100.29006,-0.0000024818557,0.13527511,-0.000036426947,1,0.13194698,3.1415927,0.13194698,0
1.0028945,100.28945,-0.0000024729759,0.14169773,-0.000037475198,1,0.13823017,3.1415927,0.13823017,0
1.0028876,100.28876,-0.0000024368708,0.14810123,-0.00003855726,1,0.14451337,3.1415927,0.14451337,0
1.0028788,100.28788,-0.0000024474166,0.15445367,-0.000038389353,1,0.15079655,3.1415927,0.15079655,0
1.00287,100.287,-0.0000024579626,0.16080612,-0.000038221446,1,0.15707974,3.1415927,0.15707974,0
1.0028611,100.28612,-0.0000024685085,0.16715856,-0.000038053542,1,0.16336294,3.1415927,0.16336294,0
1.0028524,100.28524,-0.0000024790545,0.17351101,-0.000037885635,1,0.16964613,3.1415927,0.16964613,0
1.0028436,100.28436,-0.0000024896003,0.17986345,-0.000037717728,1,0.17592931,3.1415927,0.17592931,0
1.0028348,100.28348,-0.0000025001461,0.18621591,-0.000037549824,1,0.1822125,3.1415927,0.1822125,0
1.002826,100.2826,-0.0000025106922,0.19256836,-0.000037381917,1,0.1884957,3.1415927,0.1884957,0
1.0028172,100.28172,-0.000002521238,0.1989208,-0.000037214009,1,0.19477889,3.1415927,0.19477889,0
1.0028083,100.28084,-0.000002531784,0.20527324,-0.000037046106,1,0.20106207,3.1415927,0.20106207,0
1.0027996,100.27996,-0.0000025423299,0.2116257,-0.000036878198,1,0.20734526,3.1415927,0.20734526,0
1.0027908,100.27908,-0.0000025528759,0.21797815,-0.000036710291,1,0.21362846,3.1415927,0.21362846,0
1.0027788,100.27788,-0.0000025121378,0.22423512,-0.000037290443,1,0.21991163,3.1415927,0.21991163,0
1.0027665,100.27665,-0.0000025161048,0.23048259,-0.000037550159,1,0.22619483,3.1415927,0.22619483,0
1.0027541,100.27541,-0.0000025200718,0.23673005,-0.000037809874,1,0.23247802,3.1415927,0.23247802,0
1.0027418,100.27419,-0.0000025240388,0.24297751,-0.000038069586,1,0.23876122,3.1415927,0.23876122,0
1.0027295,100.27295,-0.0000025280058,0.24922498,-0.000038329301,1,0.2450444,3.1415927,0.2450444,0
1.0027173,100.27172,-0.0000025319728,0.25547245,-0.000038589016,1,0.2513276,3.1415927,0.2513276,0
1.0027049,100.27048,-0.0000025359395,0.26171988,-0.000038848728,1,0.25761077,3.1415927,0.25761077,0
1.0026926,100.26926,-0.0000025399065,0.26796734,-0.000039108443,1,0.26389396,3.1415927,0.26389396,0
1.0026803,100.26802,-0.0000025438735,0.27421483,-0.000039368155,1,0.27017716,3.1415927,0.27017716,0
1.0026679,100.26679,-0.0000025478405,0.28046229,-0.00003962787,1,0.27646035,3.1415927,0.27646035,0
1.0026556,100.26556,-0.0000025518075,0.28670976,-0.000039887585,1,0.28274354,3.1415927,0.28274354,0
1.0026419,100.26418,-0.0000024912079,0.29288116,-0.000040211889,1,0.28902674,3.1415927,0.28902674,0
1.0026269,100.26269,-0.000002482853,0.29898924,-0.000039945196,1,0.29530993,3.1415927,0.29530993,0
1.002612,100.26119,-0.0000024744979,0.30509728,-0.000039678507,1,0.3015931,3.1415927,0.3015931,0
1.002597,100.2597,-0.0000024661431,0.31120536,-0.000039411814,1,0.30787629,3.1415927,0.30787629,0
1.0025821,100.2582,-0.000002457788,0.31731343,-0.000039145121,1,0.31415948,3.1415927,0.31415948,0
1.0025671,100.25671,-0.0000024494332,0.32342151,-0.000038878428,1,0.32044268,3.1415927,0.32044268,0
1.0025522,100.25521,-0.0000024410781,0.32952958,-0.000038611735,1,0.32672587,3.1415927,0.32672587,0
1.0025371,100.25372,-0.0000024327232,0.33563766,-0.000038345046,1,0.33300906,3.1415927,0.33300906,0
1.0025222,100.25222,-0.0000024243682,0.3417457,-0.000038078353,1,0.33929226,3.1415927,0.33929226,0
1.0025072,100.25072,-0.0000024160133,0.34785378,-0.00003781166,1,0.34557545,3.1415927,0.34557545,0
1.0024923,100.24922,-0.0000024076583,0.35396183,-0.000037544967,1,0.35185862,3.1415927,0.35185862,0
1.0024768,100.24768,-0.0000023295593,0.36003843,-0.000037338312,1,0.35814181,3.1415927,0.35814181,0
1.0024592,100.24592,-0.0000023232569,0.36597338,-0.000035515717,1,0.364425,3.1415927,0.364425,0
1.0024416,100.24416,-0.0000023169546,0.37190837,-0.000033693126,1,0.3707082,3.1415927,0.3707082,0
1.002424,100.2424,-0.000002310652,0.37784335,-0.000031870532,1,0.37699139,3.1415927,0.37699139,0
1.0024064,100.24064,-0.0000023043497,0.38377833,-0.000030047941,1,0.38327459,3.1415927,0.38327459,0
1.0023888,100.23888,-0.0000022980473,0.38971332,-0.000028225348,1,0.38955778,3.1415927,0.38955778,0
1.0023712,100.23712,-0.0000022917447,0.39564827,-0.000026402762,1,0.39584094,3.1415927,0.39584094,0
1.0023535,100.23536,-0.0000022854424,0.40158325,-0.000024580169,1,0.40212414,3.1415927,0.40212414,0
1.002336,100.2336,-0.0000022791401,0.40751824,-0.000022757577,1,0.40840733,3.1415927,0.40840733,0
1.0023184,100.23183,-0.0000022728375,0.41345322,-0.000020934984,1,0.41469052,3.1415927,0.41469052,0
1.0023007,100.23008,-0.0000022665351,0.4193882,-0.000019112391,1,0.42097372,3.1415927,0.42097372,0
1.0022832,100.22832,-0.0000022602328,0.42532316,-0.000017289798,1,0.42725691,3.1415927,0.42725691,0
1.0022641,100.22641,-0.0000021818703,0.43108952,-0.000015240083,1,0.43354011,3.1415927,0.43354011,0
1.0022448,100.22448,-0.0000021877668,0.43681836,-0.000012734015,1,0.43982327,3.1415927,0.43982327,0
1.0022254,100.22254,-0.0000021936632,0.44254723,-0.000010227937,1,0.44610646,3.1415927,0.44610646,0
1.0022061,100.2206,-0.0000021995597,0.44827613,-0.0000077218583,1,0.45238966,3.1415927,0.45238966,0
1.0021868,100.21867,-0.0000022054562,0.454005,-0.0000052157802,1,0.45867285,3.1415927,0.45867285,0
1.0021673,100.21674,-0.0000022113529,0.45973387,-0.0000027097014,1,0.46495605,3.1415927,0.46495605,0
1.002148,100.2148,-0.0000022172494,0.46546277,-0.0000002036229,1,0.47123924,3.1415927,0.47123924,0
1.0021287,100.21286,-0.0000022231459,0.47119164,0.0000023024556,1,0.47752243,3.1415927,0.47752243,0
1.0021093,100.21093,-0.0000022290424,0.47692052,0.0000048085344,1,0.48380563,3.1415927,0.48380563,0
1.00209,100.20899,-0.0000022349388,0.48264939,0.0000073146007,1,0.49008879,3.1415927,0.49008879,0
1.0020707,100.20705,-0.0000022408353,0.48837826,0.0000098206792,1,0.49637198,3.1415927,0.49637198,0
1.0020509,100.20508,-0.0000021534827,0.49399886,0.000011522912,1,0.50265521,3.1415927,0.50265521,0
1.0020306,100.20306,-0.000002160049,0.4994894,0.00001296159,1,0.50893837,3.1415927,0.50893837,0
1.0020103,100.20103,-0.0000021666153,0.50497997,0.000014400268,1,0.51522154,3.1415927,0.51522154,0
1.0019901,100.19901,-0.0000021731819,0.51047057,0.000015838959,1,0.52150476,3.1415927,0.52150476,0
1.0019698,100.19698,-0.0000021797482,0.51596111,0.000017277636,1,0.52778792,3.1415927,0.52778792,0
1.0019497,100.19496,-0.0000021863145,0.52145171,0.000018716328,1,0.53407115,3.1415927,0.53407115,0
1.0019294,100.19293,-0.0000021928809,0.52694225,0.000020155005,1,0.54035431,3.1415927,0.54035431,0
1.0019091,100.19091,-0.0000021994472,0.53243285,0.000021593696,1,0.54663754,3.1415927,0.54663754,0
1.0018889,100.18889,-0.0000022060135,0.53792346,0.000023032375,1,0.5529207,3.1415927,0.5529207,0
1.0018686,100.18687,-0.0000022125798,0.543414,0.000024471052,1,0.55920386,3.1415927,0.55920386,0
1.0018483,100.18484,-0.0000022191462,0.5489046,0.000025909743,1,0.56548709,3.1415927,0.56548709,0
1.0018281,100.18281,-0.0000021192875,0.55437064,0.000026977741,1,0.57177025,3.1415927,0.57177025,0
1.001807,100.18069,-0.0000021054655,0.55959165,0.000027678867,1,0.57805347,3.1415927,0.57805347,0
1.0017859,100.17858,-0.0000020916439,0.56481266,0.000028379987,1,0.58433664,3.1415927,0.58433664,0
1.0017647,100.17647,-0.000002077822,0.57003373,0.000029081113,1,0.59061986,3.1415927,0.59061986,0
1.0017436,100.17435,-0.0000020640002,0.57525474,0.000029782233,1,0.59690303,3.1415927,0.59690303,0
1.0017225,100.17225,-0.0000020501784,0.58047569,0.000030483352,1,0.60318619,3.1415927,0.60318619,0
1.0017014,100.17014,-0.0000020363566,0.58569676,0.000031184478,1,0.60946941,3.1415927,0.60946941,0
1.0016803,100.16802,-0.0000020225348,0.59091777,0.0000318856,1,0.61575258,3.1415927,0.61575258,0
1.0016592,100.16591,-0.000002008713,0.59613878,0.000032586726,1,0.6220358,3.1415927,0.6220358,0
1.0016381,100.1638,-0.0000019948914,0.60135978,0.000033287844,1,0.62831897,3.1415927,0.62831897,0
1.0016168,100.16168,-0.0000019810695,0.60658085,0.00003398897,1,0.63460219,3.1415927,0.63460219,0
1.0015957,100.15957,-0.0000019672477,0.6118018,0.000034690089,1,0.64088535,3.1415927,0.64088535,0
1.0015746,100.15746,-0.0000018420252,0.61680472,0.000036544479,1,0.64716852,3.1415927,0.64716852,0
1.0015535,100.15535,-0.0000018332595,0.62172598,0.000039227543,1,0.65345174,3.1415927,0.65345174,0
1.0015324,100.15324,-0.000001824494,0.62664717,0.000041910585,1,0.6597349,3.1415927,0.6597349,0
1.0015113,100.15112,-0.0000018157283,0.63156843,0.000044593653,1,0.66601813,3.1415927,0.66601813,0
1.0014902,100.14902,-0.0000018069628,0.63648963,0.000047276695,1,0.67230129,3.1415927,0.67230129,0
1.001469,100.1469,-0.0000017981971,0.64141083,0.000049959763,1,0.67858452,3.1415927,0.67858452,0
1.0014479,100.14479,-0.0000017894315,0.64633203,0.000052642801,1,0.68486768,3.1415927,0.68486768,0
1.0014268,100.14268,-0.0000017806659,0.65125328,0.000055325869,1,0.6911509,3.1415927,0.6911509,0
1.0014057,100.14057,-0.0000017719003,0.65617448,0.000058008911,1,0.69743407,3.1415927,0.69743407,0
1.0013846,100.13846,-0.0000017631348,0.66109568,0.000060691953,1,0.70371723,3.1415927,0.70371723,0
1.0013635,100.13634,-0.0000017543691,0.66601694,0.000063375017,1,0.71000046,3.1415927,0.71000046,0
1.001343,100.1343,-0.0000016870206,0.67081869,0.000064567044,1,0.71628362,3.1415927,0.71628362,0
1.0013236,100.13236,-0.0000018610583,0.67541146,0.000063893094,1,0.72256684,3.1415927,0.72256684,0
1.0013043,100.13042,-0.0000020350944,0.68000424,0.000063219144,1,0.72885001,3.1415927,0.72885001,0
1.001285,100.12849,-0.0000022091322,0.68459707,0.000062545194,1,0.73513323,3.1415927,0.73513323,0
1.0012655,100.12656,-0.0000023831683,0.68918985,0.000061871251,1,0.74141639,3.1415927,0.74141639,0
1.0012462,100.12462,-0.0000025572044,0.69378263,0.000061197308,1,0.74769956,3.1415927,0.74769956,0
1.0012268,100.12268,-0.0000027312421,0.69837546,0.000060523358,1,0.75398278,3.1415927,0.75398278,0
1.0012075,100.12074,-0.0000029052783,0.70296824,0.000059849415,1,0.76026595,3.1415927,0.76026595,0
1.001188,100.1188,-0.000003079316,0.70756108,0.000059175465,1,0.76654917,3.1415927,0.76654917,0
1.0011687,100.11687,-0.0000032533521,0.71215385,0.000058501519,1,0.77283233,3.1415927,0.77283233,0
1.0011493,100.11494,-0.0000034273899,0.71674669,0.000057827569,1,0.77911556,3.1415927,0.77911556,0
1.00113,100.113,-0.0000010963366,0.72133642,0.00011287873,1,0.78539872,3.1415927,0.78539872,0
1.0011123,100.11124,-0.0000010358036,0.72557342,0.00011211288,1,0.79168189,3.1415927,0.79168189,0
1.0010948,100.10948,-0.0000010729339,0.72981048,0.0001115297,1,0.79796511,3.1415927,0.79796511,0
1.0010772,100.10772,-0.0000011100637,0.73404747,0.00011094653,1,0.80424827,3.1415927,0.80424827,0
1.0010595,100.10596,-0.0000011471941,0.73828447,0.00011036335,1,0.8105315,3.1415927,0.8105315,0
1.001042,100.1042,-0.000001184324,0.74252146,0.00010978018,1,0.81681466,3.1415927,0.81681466,0
1.0010244,100.10244,-0.0000012214542,0.74675852,0.000109197,1,0.82309788,3.1415927,0.82309788,0
1.0010067,100.10068,-0.0000012585841,0.75099552,0.00010861383,1,0.82938105,3.1415927,0.82938105,0
1.0009892,100.09892,-0.000001295714,0.75523251,0.00010803065,1,0.83566421,3.1415927,0.83566421,0
1.0009716,100.09716,-0.0000013328442,0.75946957,0.00010744748,1,0.84194744,3.1415927,0.84194744,0
1.0009539,100.0954,-0.0000013699741,0.76370656,0.0001068643,1,0.8482306,3.1415927,0.8482306,0
1.0009364,100.09364,-0.0000014071044,0.76794362,0.00010628112,1,0.85451382,3.1415927,0.85451382,0
1.0009204,100.09205,-0.0000013016312,0.77193815,0.00010558566,1,0.86079699,3.1415927,0.86079699,0
1.0009055,100.09055,-0.0000013391816,0.77579421,0.00010518834,1,0.86708021,3.1415927,0.86708021,0
1.0008905,100.08906,-0.0000013767317,0.77965027,0.00010479102,1,0.87336338,3.1415927,0.87336338,0
1.0008756,100.08756,-0.0000014142818,0.78350633,0.0001043937,1,0.87964654,3.1415927,0.87964654,0
1.0008606,100.08607,-0.0000014518322,0.7873624,0.00010399638,1,0.88592976,3.1415927,0.88592976,0
1.0008457,100.08456,-0.0000014893824,0.79121846,0.00010359906,1,0.89221293,3.1415927,0.89221293,0
1.0008307,100.08307,-0.0000015269328,0.79507458,0.00010320175,1,0.89849615,3.1415927,0.89849615,0
1.0008157,100.08157,-0.0000015644829,0.79893059,0.00010280443,1,0.90477931,3.1415927,0.90477931,0
1.0008007,100.08008,-0.0000016020333,0.80278671,0.0001024071,1,0.91106254,3.1415927,0.91106254,0
1.0007858,100.07858,-0.0000016395834,0.80664277,0.00010200978,1,0.9173457,3.1415927,0.9173457,0
1.0007708,100.07709,-0.0000016771339,0.81049883,0.00010161247,1,0.92362893,3.1415927,0.92362893,0
1.0007566,100.07566,-0.0000015469067,0.81424481,0.00010112301,1,0.92991209,3.1415927,0.92991209,0
1.0007442,100.07442,-0.0000015218635,0.81769741,0.00010115733,1,0.93619525,3.1415927,0.93619525,0
1.0007319,100.0732,-0.0000014968201,0.82115,0.00010119165,1,0.94247848,3.1415927,0.94247848,0
1.0007197,100.07196,-0.0000014717768,0.82460254,0.00010122597,1,0.94876164,3.1415927,0.94876164,0
1.0007074,100.07073,-0.0000014467334,0.82805514,0.00010126028,1,0.95504487,3.1415927,0.95504487,0
1.000695,100.0695,-0.0000014216903,0.83150774,0.0001012946,1,0.96132803,3.1415927,0.96132803,0
1.0006827,100.06827,-0.0000013966469,0.83496034,0.00010132892,1,0.96761125,3.1415927,0.96761125,0
1.0006704,100.06704,-0.0000013716036,0.83841288,0.00010136324,1,0.97389442,3.1415927,0.97389442,0
1.000658,100.0658,-0.0000013465605,0.84186548,0.00010139756,1,0.98017758,3.1415927,0.98017758,0
1.0006458,100.06458,-0.0000013215171,0.84531808,0.00010143188,1,0.9864608,3.1415927,0.9864608,0
1.0006335,100.06334,-0.0000012964739,0.84877062,0.0001014662,1,0.99274397,3.1415927,0.99274397,0
1.0006211,100.06211,-0.0000012714304,0.85222322,0.00010150053,1,0.99902719,3.1415927,0.99902719,0
1.000612,100.0612,-0.0000011007724,0.85529149,0.00010196549,1,1.0053104,3.1415927,1.0053104,0
1.0006032,100.06032,-0.0000010891479,0.85832131,0.00010268047,1,1.0115936,3.1415927,1.0115936,0
1.0005944,100.05944,-0.0000010775234,0.86135113,0.00010339544,1,1.0178767,3.1415927,1.0178767,0
1.0005856,100.05856,-0.0000010658989,0.86438096,0.00010411042,1,1.0241599,3.1415927,1.0241599,0
1.0005769,100.05768,-0.0000010542744,0.86741084,0.0001048254,1,1.0304431,3.1415927,1.0304431,0
1.000568,100.0568,-0.0000010426498,0.87044072,0.00010554038,1,1.0367264,3.1415927,1.0367264,0
1.0005592,100.05592,-0.0000010310254,0.87347054,0.00010625536,1,1.0430095,3.1415927,1.0430095,0
1.0005504,100.05504,-0.0000010194009,0.87650037,0.00010697034,1,1.0492927,3.1415927,1.0492927,0
1.0005416,100.05416,-0.0000010077764,0.87953019,0.00010768532,1,1.0555758,3.1415927,1.0555758,0
1.0005327,100.05328,-0.0000009961517,0.88256007,0.00010840031,1,1.0618591,3.1415927,1.0618591,0
1.000524,100.0524,-0.00000098452733,0.8855899,0.00010911528,1,1.0681423,3.1415927,1.0681423,0
1.0005171,100.05171,-0.0000008232301,0.88838136,0.00010946344,1,1.0744255,3.1415927,1.0744255,0
1.0005119,100.05119,-0.00000083816155,0.89097393,0.00010980822,1,1.0807086,3.1415927,1.0807086,0
1.0005065,100.05066,-0.00000085309301,0.89356643,0.00011015301,1,1.0869918,3.1415927,1.0869918,0
1.0005013,100.05013,-0.00000086802481,0.89615905,0.00011049779,1,1.0932751,3.1415927,1.0932751,0
1.000496,100.0496,-0.00000088295627,0.89875162,0.00011084257,1,1.0995582,3.1415927,1.0995582,0
1.0004908,100.04907,-0.00000089788773,0.90134412,0.00011118736,1,1.1058414,3.1415927,1.1058414,0
1.0004854,100.04855,-0.00000091281925,0.90393668,0.00011153214,1,1.1121246,3.1415927,1.1121246,0
1.0004802,100.04801,-0.0000009277507,0.90652925,0.00011187691,1,1.1184077,3.1415927,1.1184077,0
1.0004749,100.04749,-0.00000094268245,0.90912181,0.00011222171,1,1.124691,3.1415927,1.124691,0
1.0004696,100.04696,-0.00000095761391,0.91171438,0.00011256649,1,1.1309742,3.1415927,1.1309742,0
1.0004643,100.04643,-0.00000097254542,0.91430694,0.00011291126,1,1.1372573,3.1415927,1.1372573,0
1.0004599,100.04598,-0.00000081638711,0.91681832,0.00011295835,1,1.1435405,3.1415927,1.1435405,0
1.000459,100.04589,-0.00000082344553,0.91896391,0.00011243853,1,1.1498238,3.1415927,1.1498238,0
1.0004581,100.04581,-0.00000083050378,0.92110944,0.00011191872,1,1.1561069,3.1415927,1.1561069,0
1.0004572,100.04572,-0.00000083756203,0.92325497,0.00011139891,1,1.1623901,3.1415927,1.1623901,0
1.0004563,100.04563,-0.00000084462027,0.92540044,0.0001108791,1,1.1686733,3.1415927,1.1686733,0
1.0004555,100.04554,-0.00000085167846,0.92754596,0.00011035928,1,1.1749564,3.1415927,1.1749564,0
1.0004545,100.04546,-0.00000085873688,0.92969155,0.00010983946,1,1.1812397,3.1415927,1.1812397,0
1.0004537,100.04536,-0.00000086579513,0.93183708,0.00010931965,1,1.1875229,3.1415927,1.1875229,0
1.0004529,100.04528,-0.00000087285338,0.93398261,0.00010879983,1,1.1938061,3.1415927,1.1938061,0
1.0004519,100.04519,-0.00000087991157,0.93612814,0.00010828002,1,1.2000892,3.1415927,1.2000892,0
1.0004511,100.0451,-0.00000088696981,0.93827361,0.00010776021,1,1.2063724,3.1415927,1.2063724,0
1.0004501,100.04501,-0.00000089402823,0.9404192,0.00010724038,1,1.2126557,3.1415927,1.2126557,0
1.0004507,100.04507,-0.00000070857442,0.94219553,0.00010666453,1,1.2189388,3.1415927,1.2189388,0
1.0004516,100.04516,-0.00000069340763,0.94388974,0.00010621837,1,1.225222,3.1415927,1.225222,0
1.0004525,100.04524,-0.00000067824078,0.94558388,0.00010577221,1,1.2315052,3.1415927,1.2315052,0
1.0004534,100.04533,-0.00000066307371,0.94727808,0.00010532604,1,1.2377884,3.1415927,1.2377884,0
1.0004543,100.04543,-0.00000064790686,0.94897223,0.00010487989,1,1.2440716,3.1415927,1.2440716,0
1.0004551,100.04551,-0.00000063274007,0.95066643,0.00010443373,1,1.2503548,3.1415927,1.2503548,0
1.000456,100.0456,-0.00000061757322,0.95236057,0.00010398757,1,1.2566379,3.1415927,1.2566379,0
1.0004569,100.04568,-0.00000060240643,0.95405477,0.00010354141,1,1.2629211,3.1415927,1.2629211,0
1.0004578,100.04578,-0.0000005872393,0.95574898,0.00010309525,1,1.2692044,3.1415927,1.2692044,0
1.0004587,100.04586,-0.00000057207251,0.95744312,0.00010264909,1,1.2754875,3.1415927,1.2754875,0
1.0004596,100.04595,-0.00000055690566,0.95913726,0.00010220293,1,1.2817707,3.1415927,1.2817707,0
1.0004616,100.04616,-0.00000036689411,0.96062666,0.00010211867,1,1.2880539,3.1415927,1.2880539,0
1.0004652,100.04651,-0.00000035901303,0.9618699,0.00010267122,1,1.294337,3.1415927,1.294337,0
1.0004686,100.04686,-0.0000003511318,0.96311319,0.00010322378,1,1.3006203,3.1415927,1.3006203,0
1.0004722,100.04722,-0.00000034325072,0.96435642,0.00010377632,1,1.3069035,3.1415927,1.3069035,0
1.0004756,100.04757,-0.00000033536963,0.96559966,0.00010432887,1,1.3131866,3.1415927,1.3131866,0
1.0004792,100.04792,-0.00000032748855,0.96684295,0.00010488142,1,1.3194698,3.1415927,1.3194698,0
1.0004827,100.04827,-0.00000031960732,0.96808618,0.00010543398,1,1.3257531,3.1415927,1.3257531,0
1.0004863,100.04862,-0.00000031172624,0.96932948,0.00010598652,1,1.3320363,3.1415927,1.3320363,0
1.0004897,100.04898,-0.00000030384516,0.97057271,0.00010653908,1,1.3383194,3.1415927,1.3383194,0
1.0004933,100.04933,-0.00000029596407,0.97181594,0.00010709163,1,1.3446026,3.1415927,1.3446026,0
1.0004967,100.04968,-0.00000028808302,0.97305924,0.00010764417,1,1.3508857,3.1415927,1.3508857,0
1.0005003,100.05004,-0.00000010208982,0.974262,0.00010809381,1,1.357169,3.1415927,1.357169,0
1.0005047,100.05048,-0.00000012726237,0.97505802,0.00010823689,1,1.3634522,3.1415927,1.3634522,0
1.0005091,100.05092,-0.00000015243492,0.9758541,0.00010837998,1,1.3697354,3.1415927,1.3697354,0
1.0005136,100.05136,-0.00000017760746,0.97665012,0.00010852307,1,1.3760185,3.1415927,1.3760185,0
1.000518,100.0518,-0.00000020278048,0.9774462,0.00010866616,1,1.3823018,3.1415927,1.3823018,0
1.0005224,100.05224,-0.00000022795302,0.97824222,0.00010880925,1,1.388585,3.1415927,1.388585,0
1.0005268,100.05268,-0.00000025312556,0.9790383,0.00010895234,1,1.3948681,3.1415927,1.3948681,0
1.0005312,100.05312,-0.00000027829813,0.97983432,0.00010909542,1,1.4011513,3.1415927,1.4011513,0
1.0005356,100.05356,-0.00000030347067,0.9806304,0.00010923851,1,1.4074345,3.1415927,1.4074345,0
1.00054,100.054,-0.00000032864369,0.98142642,0.0001093816,1,1.4137177,3.1415927,1.4137177,0
1.0005444,100.05444,-0.00000035381623,0.9822225,0.00010952468,1,1.4200009,3.1415927,1.4200009,0
1.0005488,100.05488,-0.00000037898877,0.98301852,0.00010966777,1,1.4262841,3.1415927,1.4262841,0
1.0005533,100.05532,-0.00000020449625,0.98349309,0.00010751907,1,1.4325672,3.1415927,1.4325672,0
1.0005577,100.05576,-0.00000020689053,0.98384684,0.00010456204,1,1.4388504,3.1415927,1.4388504,0
1.0005621,100.0562,-0.00000020928486,0.9842006,0.00010160495,1,1.4451337,3.1415927,1.4451337,0
1.0005664,100.05664,-0.00000021167915,0.98455435,0.000098647914,1,1.4514169,3.1415927,1.4514169,0
1.0005708,100.05708,-0.00000021407344,0.9849081,0.000095690877,1,1.4577,3.1415927,1.4577,0
1.0005752,100.05752,-0.00000021646773,0.98526186,0.000092733841,1,1.4639832,3.1415927,1.4639832,0
1.0005796,100.05796,-0.00000021886206,0.98561561,0.000089776746,1,1.4702665,3.1415927,1.4702665,0
1.000584,100.0584,-0.00000022125636,0.98596936,0.000086819709,1,1.4765496,3.1415927,1.4765496,0
1.0005884,100.05884,-0.00000022365064,0.98632312,0.000083862673,1,1.4828328,3.1415927,1.4828328,0
1.0005928,100.05928,-0.00000022604493,0.98667687,0.000080905636,1,1.489116,3.1415927,1.489116,0
1.0005972,100.05972,-0.00000022843922,0.98703063,0.000077948607,1,1.4953991,3.1415927,1.4953991,0
1.0006013,100.06013,0.000000010846267,0.98722547,0.000076571094,1,1.5016824,3.1415927,1.5016824,0
1.0006047,100.06048,0.00000016696369,0.98714179,0.000078000237,1,1.5079656,3.1415927,1.5079656,0
1.0006083,100.06083,0.00000032308111,0.9870581,0.000079429374,1,1.5142487,3.1415927,1.5142487,0
1.0006118,100.06118,0.00000047919855,0.98697442,0.00008085851,1,1.5205319,3.1415927,1.5205319,0
1.0006154,100.06154,0.00000063531598,0.98689073,0.000082287654,1,1.5268151,3.1415927,1.5268151,0
1.0006189,100.06189,0.00000079143632,0.98680705,0.000083716819,1,1.5330983,3.1415927,1.5330983,0
1.0006224,100.06224,0.00000094755376,0.98672336,0.000085145955,1,1.5393815,3.1415927,1.5393815,0
1.000626,100.06259,0.0000011036711,0.98663968,0.000086575099,1,1.5456647,3.1415927,1.5456647,0
1.0006294,100.06294,0.0000012597886,0.98655599,0.000088004235,1,1.5519478,3.1415927,1.5519478,0
1.000633,100.0633,0.000001415909,0.98647231,0.000089433401,1,1.5582311,3.1415927,1.5582311,0
1.0006365,100.06365,0.0000015720265,0.98638862,0.000090862544,1,1.5645143,3.1415927,1.5645143,0
1.00064,100.064,0.0000017281438,0.98630494,0.000092291681,1,1.5707974,3.1415927,1.5707974,0
1.0006427,100.06427,0.000000031841918,0.98579103,0.000068395311,1,1.5770806,3.1415927,1.5770806,0
1.0006453,100.06453,0.0000000440177,0.98527491,0.000068390014,1,1.5833638,3.1415927,1.5833638,0
1.0006479,100.0648,0.000000056193709,0.98475879,0.000068384717,1,1.5896471,3.1415927,1.5896471,0
1.0006505,100.06506,0.000000068369488,0.98424268,0.000068379421,1,1.5959302,3.1415927,1.5959302,0
1.0006531,100.06532,0.00000008054527,0.9837265,0.000068374124,1,1.6022134,3.1415927,1.6022134,0
1.0006559,100.06558,0.000000092721045,0.98321038,0.000068368819,1,1.6084965,3.1415927,1.6084965,0
1.0006585,100.06585,0.00000010489705,0.98269427,0.000068363523,1,1.6147798,3.1415927,1.6147798,0
1.0006611,100.06612,0.00000011707284,0.98217815,0.000068358226,1,1.621063,3.1415927,1.621063,0
1.0006638,100.06638,0.00000012924862,0.98166203,0.000068352929,1,1.6273462,3.1415927,1.6273462,0
1.0006664,100.06664,0.00000014142439,0.98114592,0.000068347632,1,1.6336293,3.1415927,1.6336293,0
1.000669,100.0669,0.00000015360017,0.9806298,0.000068342335,1,1.6399125,3.1415927,1.6399125,0
1.000671,100.06712,0.00000036131115,0.97984201,0.000067884212,1,1.6461958,3.1415927,1.6461958,0
1.0006728,100.06729,0.00000039243312,0.97889876,0.000067104615,1,1.6524789,3.1415927,1.6524789,0
1.0006746,100.06747,0.00000042355509,0.97795552,0.000066325018,1,1.6587621,3.1415927,1.6587621,0
1.0006764,100.06764,0.00000045467706,0.97701222,0.000065545428,1,1.6650453,3.1415927,1.6650453,0
1.0006782,100.06782,0.00000048579903,0.97606897,0.000064765831,1,1.6713284,3.1415927,1.6713284,0
1.0006799,100.06799,0.0000005169216,0.97512567,0.000063986219,1,1.6776117,3.1415927,1.6776117,0
1.0006816,100.06817,0.00000054804354,0.97418243,0.000063206622,1,1.6838949,3.1415927,1.6838949,0
1.0006834,100.06834,0.00000057916554,0.97323912,0.000062427025,1,1.690178,3.1415927,1.690178,0
1.0006852,100.06852,0.00000061028749,0.97229588,0.000061647428,1,1.6964612,3.1415927,1.6964612,0
1.0006869,100.0687,0.00000064141005,0.97135258,0.000060867817,1,1.7027445,3.1415927,1.7027445,0
1.0006887,100.06887,0.00000067253205,0.97040933,0.000060088223,1,1.7090276,3.1415927,1.7090276,0
1.0006902,100.06902,0.00000087212817,0.96935153,0.000059139442,1,1.7153108,3.1415927,1.7153108,0
1.0006911,100.06911,0.00000085445294,0.96798772,0.000057495436,1,1.721594,3.1415927,1.721594,0
1.000692,100.0692,0.00000083677764,0.9666239,0.000055851426,1,1.7278771,3.1415927,1.7278771,0
1.0006928,100.06929,0.00000081910207,0.96526009,0.000054207387,1,1.7341604,3.1415927,1.7341604,0
1.0006938,100.06937,0.00000080142684,0.96389627,0.00005256338,1,1.7404436,3.1415927,1.7404436,0
1.0006946,100.06947,0.0000007837516,0.96253246,0.000050919371,1,1.7467268,3.1415927,1.7467268,0
1.0006955,100.06955,0.00000076607637,0.96116865,0.000049275364,1,1.7530099,3.1415927,1.7530099,0
1.0006964,100.06964,0.00000074840113,0.95980483,0.000047631354,1,1.7592931,3.1415927,1.7592931,0
1.0006973,100.06973,0.0000007307255,0.95844096,0.000045987315,1,1.7655764,3.1415927,1.7655764,0
1.0006982,100.06982,0.00000071305027,0.95707715,0.000044343309,1,1.7718595,3.1415927,1.7718595,0
1.000699,100.0699,0.00000069537504,0.95571333,0.000042699299,1,1.7781427,3.1415927,1.7781427,0
1.0006999,100.06999,0.0000006776998,0.95434952,0.000041055293,1,1.7844259,3.1415927,1.7844259,0
1.0007015,100.07016,0.00000084789679,0.95261198,0.000038703536,1,1.7907091,3.1415927,1.7907091,0
1.0007033,100.07034,0.00000083989516,0.95083684,0.000036179041,1,1.7969923,3.1415927,1.7969923,0
1.0007051,100.07051,0.00000083189354,0.94906169,0.000033654549,1,1.8032755,3.1415927,1.8032755,0
1.0007069,100.07069,0.00000082389198,0.94728661,0.000031130057,1,1.8095586,3.1415927,1.8095586,0
1.0007087,100.07086,0.00000081589036,0.94551146,0.000028605564,1,1.8158418,3.1415927,1.8158418,0
1.0007104,100.07104,0.00000080788863,0.94373631,0.000026081023,1,1.8221251,3.1415927,1.8221251,0
1.0007122,100.07121,0.00000079988706,0.94196117,0.000023556531,1,1.8284082,3.1415927,1.8284082,0
1.0007139,100.07139,0.00000079188544,0.94018602,0.000021032038,1,1.8346914,3.1415927,1.8346914,0
1.0007157,100.07156,0.00000078388382,0.93841094,0.000018507546,1,1.8409746,3.1415927,1.8409746,0
1.0007174,100.07174,0.00000077588209,0.93663579,0.000015983005,1,1.8472579,3.1415927,1.8472579,0
1.0007192,100.07191,0.00000076788052,0.93486065,0.000013458512,1,1.853541,3.1415927,1.853541,0
1.000721,100.0721,0.00000094610203,0.93286794,0.000011325199,1,1.8598242,3.1415927,1.8598242,0
1.0007228,100.07227,0.00000095780308,0.93069357,0.0000093030931,1,1.8661073,3.1415927,1.8661073,0
1.0007246,100.07245,0.00000096950407,0.92851919,0.0000072809862,1,1.8723905,3.1415927,1.8723905,0
1.0007262,100.07262,0.00000098120529,0.92634475,0.0000052588412,1,1.8786738,3.1415927,1.8786738,0
1.000728,100.0728,0.00000099290628,0.92417037,0.0000032367348,1,1.884957,3.1415927,1.884957,0
1.0007298,100.07298,0.0000010046074,0.921996,0.0000012146282,1,1.8912401,3.1415927,1.8912401,0
1.0007316,100.07315,0.0000010163084,0.91982162,-0.00000080747833,1,1.8975233,3.1415927,1.8975233,0
1.0007334,100.07333,0.0000010280094,0.91764724,-0.0000028295849,1,1.9038064,3.1415927,1.9038064,0
1.000735,100.0735,0.0000010397106,0.91547287,-0.00000485173,1,1.9100897,3.1415927,1.9100897,0
1.0007368,100.07368,0.0000010514116,0.91329849,-0.0000068738364,1,1.9163729,3.1415927,1.9163729,0
1.0007386,100.07385,0.0000010631127,0.91112411,-0.0000088959432,1,1.9226561,3.1415927,1.9226561,0
1.0007405,100.07404,0.0000012445727,0.90887994,-0.000010594704,1,1.9289392,3.1415927,1.9289392,0
1.0007432,100.07431,0.0000012493273,0.90632045,-0.000011614301,1,1.9352225,3.1415927,1.9352225,0
1.0007458,100.07458,0.0000012540819,0.90376109,-0.000012633879,1,1.9415057,3.1415927,1.9415057,0
1.0007484,100.07484,0.0000012588364,0.90120173,-0.000013653457,1,1.9477888,3.1415927,1.9477888,0
1.000751,100.0751,0.0000012635909,0.8986423,-0.000014673035,1,1.954072,3.1415927,1.954072,0
1.0007536,100.07537,0.0000012683454,0.89608294,-0.000015692614,1,1.9603552,3.1415927,1.9603552,0
1.0007564,100.07563,0.0000012731,0.89352351,-0.000016712211,1,1.9666384,3.1415927,1.9666384,0
1.000759,100.0759,0.0000012778545,0.89096415,-0.000017731789,1,1.9729216,3.1415927,1.9729216,0
1.0007616,100.07616,0.0000012826091,0.88840473,-0.000018751367,1,1.9792048,3.1415927,1.9792048,0
1.0007643,100.07642,0.0000012873636,0.88584536,-0.000019770945,1,1.9854879,3.1415927,1.9854879,0
1.0007669,100.07669,0.0000012921181,0.883286,-0.000020790525,1,1.9917711,3.1415927,1.9917711,0
1.0007695,100.07696,0.0000012968727,0.88072658,-0.000021810121,1,1.9980544,3.1415927,1.9980544,0
1.0007743,100.07744,0.0000014541927,0.87786561,-0.000022861821,1,2.0043375,3.1415927,2.0043375,0
1.0007796,100.07796,0.0000014428937,0.87493736,-0.000024123228,1,2.0106208,3.1415927,2.0106208,0
1.0007849,100.07849,0.0000014315951,0.87200928,-0.000025384588,1,2.0169039,3.1415927,2.0169039,0
1.0007901,100.07902,0.0000014202961,0.86908102,-0.000026645996,1,2.0231872,3.1415927,2.0231872,0
1.0007955,100.07954,0.0000014089976,0.86615288,-0.000027907356,1,2.0294702,3.1415927,2.0294702,0
1.0008007,100.08007,0.0000013976986,0.86322463,-0.000029168765,1,2.0357535,3.1415927,2.0357535,0
1.000806,100.0806,0.0000013863996,0.86029643,-0.000030430172,1,2.0420368,3.1415927,2.0420368,0
1.0008113,100.08113,0.0000013751011,0.85736829,-0.000031691532,1,2.0483198,3.1415927,2.0483198,0
1.0008166,100.08166,0.0000013638021,0.85444003,-0.000032952939,1,2.0546031,3.1415927,2.0546031,0
1.0008218,100.08218,0.0000013525035,0.8515119,-0.000034214299,1,2.0608861,3.1415927,2.0608861,0
1.0008272,100.08271,0.0000013412046,0.8485837,-0.000035475707,1,2.0671694,3.1415927,2.0671694,0
1.0008336,100.08336,0.0000014929527,0.84549564,-0.000037093432,1,2.0734527,3.1415927,2.0734527,0
1.0008416,100.08415,0.0000014894439,0.8422156,-0.000039556304,1,2.0797358,3.1415927,2.0797358,0
1.0008495,100.08495,0.0000014859348,0.83893543,-0.000042019266,1,2.086019,3.1415927,2.086019,0
1.0008575,100.08574,0.000001482426,0.83565539,-0.000044482138,1,2.0923021,3.1415927,2.0923021,0
1.0008653,100.08653,0.0000014789171,0.83237523,-0.000046945101,1,2.0985854,3.1415927,2.0985854,0
1.0008732,100.08732,0.0000014754081,0.82909501,-0.000049408063,1,2.1048687,3.1415927,2.1048687,0
1.0008812,100.08811,0.0000014718993,0.82581496,-0.000051870935,1,2.1111517,3.1415927,2.1111517,0
1.0008891,100.08891,0.0000014683902,0.8225348,-0.000054333897,1,2.117435,3.1415927,2.117435,0
1.000897,100.0897,0.0000014648813,0.81925464,-0.000056796864,1,2.1237183,3.1415927,2.1237183,0
1.0009049,100.09049,0.0000014613724,0.81597453,-0.000059259732,1,2.1300013,3.1415927,2.1300013,0
1.0009129,100.09129,0.0000014578635,0.81269437,-0.000061722698,1,2.1362846,3.1415927,2.1362846,0
1.0009209,100.09209,0.0000016089406,0.80938375,-0.000063886328,1,2.1425676,3.1415927,2.1425676,0
1.0009307,100.09306,0.0000016280396,0.8057707,-0.000065387765,1,2.1488509,3.1415927,2.1488509,0
1.0009403,100.09402,0.0000016471387,0.80215764,-0.000066889195,1,2.1551342,3.1415927,2.1551342,0
1.00095,100.09499,0.000001666237,0.7985447,-0.000068390582,1,2.1614172,3.1415927,2.1614172,0
1.0009596,100.09596,0.0000016853361,0.79493165,-0.000069892019,1,2.1677005,3.1415927,2.1677005,0
1.0009693,100.09693,0.0000017044343,0.79131871,-0.000071393399,1,2.1739836,3.1415927,2.1739836,0
1.0009789,100.09789,0.0000017235335,0.78770566,-0.000072894836,1,2.1802669,3.1415927,2.1802669,0
1.0009886,100.09886,0.0000017426325,0.78409261,-0.000074396274,1,2.1865501,3.1415927,2.1865501,0
1.0009984,100.09983,0.0000017617308,0.78047973,-0.000075897653,1,2.1928332,3.1415927,2.1928332,0
1.001008,100.1008,0.00000178083,0.77686667,-0.000077399091,1,2.1991165,3.1415927,2.1991165,0
1.0010177,100.10177,0.0000017999282,0.77325374,-0.00007890047,1,2.2053995,3.1415927,2.2053995,0
1.0010273,100.10274,0.0000018190273,0.76964068,-0.000080401907,1,2.2116828,3.1415927,2.2116828,0
1.0010396,100.10396,0.0000019633287,0.76579851,-0.000078577701,1,2.2179661,3.1415927,2.2179661,0
1.0010527,100.10528,0.0000019555823,0.76187098,-0.000075828561,1,2.2242491,3.1415927,2.2242491,0
1.001066,100.1066,0.0000019478357,0.75794327,-0.000073079311,1,2.2305324,3.1415927,2.2305324,0
1.0010792,100.10792,0.0000019400893,0.75401574,-0.00007033017,1,2.2368155,3.1415927,2.2368155,0
1.0010924,100.10924,0.0000019323425,0.7500881,-0.000067580921,1,2.2430987,3.1415927,2.2430987,0
1.0011057,100.11056,0.0000019245958,0.74616045,-0.000064831678,1,2.249382,3.1415927,2.249382,0
1.0011188,100.11188,0.0000019168494,0.74223292,-0.00006208253,1,2.2556651,3.1415927,2.2556651,0
1.001132,100.1132,0.0000019091028,0.73830521,-0.000059333284,1,2.2619483,3.1415927,2.2619483,0
1.0011452,100.11452,0.0000019013564,0.73437768,-0.000056584144,1,2.2682314,3.1415927,2.2682314,0
1.0011585,100.11584,0.0000018936097,0.73045003,-0.000053834894,1,2.2745147,3.1415927,2.2745147,0
1.0011717,100.11716,0.0000018858631,0.72652233,-0.000051085648,1,2.280798,3.1415927,2.280798,0
1.0011852,100.11851,0.0000019771312,0.72248727,-0.000050764727,1,2.287081,3.1415927,2.287081,0
1.0011992,100.11992,0.0000018671236,0.71826464,-0.000055368811,1,2.2933643,3.1415927,2.2933643,0
1.0012133,100.12133,0.000001757116,0.71404195,-0.000059972899,1,2.2996476,3.1415927,2.2996476,0
1.0012274,100.12273,0.0000016471125,0.7098195,-0.000064576809,1,2.3059306,3.1415927,2.3059306,0
1.0012414,100.12415,0.0000015371049,0.7055968,-0.000069180896,1,2.3122139,3.1415927,2.3122139,0
1.0012556,100.12555,0.0000014271014,0.70137435,-0.000073784802,1,2.3184969,3.1415927,2.3184969,0
1.0012697,100.12696,0.0000013170938,0.69715166,-0.00007838889,1,2.3247802,3.1415927,2.3247802,0
1.0012838,100.12837,0.0000012070863,0.69292903,-0.000082992978,1,2.3310635,3.1415927,2.3310635,0
1.0012978,100.12978,0.0000010970828,0.68870652,-0.000087596884,1,2.3373466,3.1415927,2.3373466,0
1.0013119,100.13119,0.00000098707517,0.68448389,-0.000092200971,1,2.3436298,3.1415927,2.3436298,0
1.001326,100.1326,0.00000087707173,0.68026137,-0.000096804877,1,2.3499129,3.1415927,2.3499129,0
1.00134,100.134,0.0000024732171,0.67603552,-0.000044614499,1,2.3561962,3.1415927,2.3561962,0
1.0013567,100.13567,0.0000024545898,0.67153794,-0.000047698344,1,2.3624794,3.1415927,2.3624794,0
1.0013735,100.13734,0.0000024359629,0.66704053,-0.000050782073,1,2.3687625,3.1415927,2.3687625,0
1.0013902,100.13902,0.0000024173355,0.66254294,-0.000053865919,1,2.3750458,3.1415927,2.3750458,0
1.0014069,100.14069,0.0000023987086,0.65804559,-0.000056949648,1,2.3813288,3.1415927,2.3813288,0
1.0014236,100.14236,0.0000023800812,0.653548,-0.000060033493,1,2.3876121,3.1415927,2.3876121,0
1.0014404,100.14404,0.0000023614537,0.64905041,-0.000063117339,1,2.3938954,3.1415927,2.3938954,0
1.0014571,100.14571,0.000002342827,0.64455301,-0.000066201064,1,2.4001784,3.1415927,2.4001784,0
1.0014738,100.14738,0.0000023241994,0.64005548,-0.000069284913,1,2.4064617,3.1415927,2.4064617,0
1.0014906,100.14905,0.0000023055727,0.63555807,-0.000072368639,1,2.4127448,3.1415927,2.4127448,0
1.0015073,100.15072,0.0000022869451,0.63106048,-0.000075452488,1,2.419028,3.1415927,2.419028,0
1.001524,100.1524,0.0000022683178,0.62656295,-0.00007853633,1,2.4253113,3.1415927,2.4253113,0
1.0015413,100.15412,0.0000023602865,0.62190366,-0.000078633915,1,2.4315944,3.1415927,2.4315944,0
1.0015589,100.15588,0.0000023313901,0.61715215,-0.000077482378,1,2.4378777,3.1415927,2.4378777,0
1.0015764,100.15764,0.0000023024936,0.61240065,-0.000076330842,1,2.4441609,3.1415927,2.4441609,0
1.0015941,100.1594,0.0000022735981,0.60764927,-0.000075179349,1,2.450444,3.1415927,2.450444,0
1.0016116,100.16116,0.0000022447016,0.60289776,-0.000074027812,1,2.4567273,3.1415927,2.4567273,0
1.0016292,100.16292,0.000002215806,0.59814644,-0.000072876319,1,2.4630103,3.1415927,2.4630103,0
1.0016469,100.16468,0.0000021869096,0.59339488,-0.000071724782,1,2.4692936,3.1415927,2.4692936,0
1.0016644,100.16644,0.0000021580131,0.58864337,-0.000070573245,1,2.4755769,3.1415927,2.4755769,0
1.001682,100.1682,0.0000021291178,0.58389205,-0.000069421752,1,2.4818599,3.1415927,2.4818599,0
1.0016996,100.16996,0.0000021002211,0.57914048,-0.000068270216,1,2.4881432,3.1415927,2.4881432,0
1.0017172,100.17171,0.0000020713258,0.57438916,-0.000067118723,1,2.4944263,3.1415927,2.4944263,0
1.0017347,100.17348,0.0000021596845,0.56957424,-0.000065738044,1,2.5007095,3.1415927,2.5007095,0
1.0017524,100.17524,0.0000021697347,0.56459111,-0.000064855813,1,2.5069928,3.1415927,2.5069928,0
1.00177,100.177,0.0000021797844,0.55960816,-0.000063973617,1,2.5132759,3.1415927,2.5132759,0
1.0017875,100.17876,0.0000021898345,0.55462497,-0.000063091386,1,2.5195591,3.1415927,2.5195591,0
1.0018052,100.18052,0.0000021998844,0.54964203,-0.00006220919,1,2.5258422,3.1415927,2.5258422,0
1.0018228,100.18228,0.0000022099346,0.54465884,-0.000061326959,1,2.5321255,3.1415927,2.5321255,0
1.0018404,100.18404,0.0000022199847,0.53967571,-0.00006044473,1,2.5384088,3.1415927,2.5384088,0
1.001858,100.1858,0.0000022300344,0.53469276,-0.000059562535,1,2.5446918,3.1415927,2.5446918,0
1.0018756,100.18756,0.0000022400848,0.52970958,-0.000058680303,1,2.5509751,3.1415927,2.5509751,0
1.0018932,100.18932,0.0000022501345,0.52472663,-0.000057798105,1,2.5572581,3.1415927,2.5572581,0
1.0019108,100.19108,0.0000022601846,0.51974344,-0.000056915876,1,2.5635414,3.1415927,2.5635414,0
1.0019284,100.19284,0.0000022702347,0.51476032,-0.000056033645,1,2.5698247,3.1415927,2.5698247,0
1.0019468,100.19468,0.0000023743937,0.50958765,-0.000054244305,1,2.5761077,3.1415927,2.5761077,0
1.0019653,100.19653,0.0000023828979,0.50439596,-0.000052713418,1,2.582391,3.1415927,2.582391,0
1.0019838,100.19838,0.0000023914017,0.49920455,-0.000051182589,1,2.5886741,3.1415927,2.5886741,0
1.0020022,100.20023,0.000002399906,0.49401289,-0.000049651699,1,2.5949574,3.1415927,2.5949574,0
1.0020207,100.20207,0.0000024084102,0.48882127,-0.000048120812,1,2.6012406,3.1415927,2.6012406,0
1.0020392,100.20392,0.0000024169142,0.48362982,-0.000046589983,1,2.6075237,3.1415927,2.6075237,0
1.0020577,100.20576,0.0000024254184,0.4784382,-0.000045059096,1,2.613807,3.1415927,2.613807,0
1.0020761,100.20762,0.0000024339226,0.47324654,-0.000043528209,1,2.6200902,3.1415927,2.6200902,0
1.0020947,100.20947,0.0000024424264,0.4680551,-0.00004199738,1,2.6263733,3.1415927,2.6263733,0
1.0021132,100.21131,0.0000024509307,0.46286348,-0.000040466493,1,2.6326566,3.1415927,2.6326566,0
1.0021317,100.21316,0.0000024594347,0.45767203,-0.000038935661,1,2.6389396,3.1415927,2.6389396,0
1.0021497,100.21496,0.0000025444103,0.45237967,-0.00003684741,1,2.6452229,3.1415927,2.6452229,0
1.0021672,100.21672,0.0000025392785,0.44700372,-0.000034899738,1,2.6515062,3.1415927,2.6515062,0
1.0021849,100.21848,0.0000025341469,0.44162792,-0.000032952139,1,2.6577892,3.1415927,2.6577892,0
1.0022024,100.22024,0.0000025290153,0.43625197,-0.000031004467,1,2.6640725,3.1415927,2.6640725,0
1.00222,100.222,0.0000025238837,0.4308762,-0.00002905687,1,2.6703556,3.1415927,2.6703556,0
1.0022377,100.22376,0.0000025187519,0.42550021,-0.000027109196,1,2.6766388,3.1415927,2.6766388,0
1.0022552,100.22552,0.0000025136201,0.42012423,-0.000025161524,1,2.6829221,3.1415927,2.6829221,0
1.0022728,100.22728,0.0000025084885,0.41474846,-0.000023213926,1,2.6892052,3.1415927,2.6892052,0
1.0022904,100.22904,0.0000025033567,0.40937248,-0.000021266254,1,2.6954885,3.1415927,2.6954885,0
1.002308,100.2308,0.0000024982251,0.40399671,-0.000019318655,1,2.7017715,3.1415927,2.7017715,0
1.0023255,100.23256,0.0000024930935,0.39862072,-0.000017370983,1,2.7080548,3.1415927,2.7080548,0
1.0023428,100.23429,0.0000025598981,0.3932156,-0.000015202214,1,2.7143381,3.1415927,2.7143381,0
1.0023587,100.23588,0.0000025551876,0.38768026,-0.000013913047,1,2.7206211,3.1415927,2.7206211,0
1.0023745,100.23746,0.0000025504771,0.38214472,-0.000012623831,1,2.7269044,3.1415927,2.7269044,0
1.0023904,100.23904,0.0000025457668,0.37660939,-0.000011334664,1,2.7331874,3.1415927,2.7331874,0
1.0024062,100.24062,0.0000025410563,0.37107384,-0.000010045448,1,2.7394707,3.1415927,2.7394707,0
1.0024221,100.24221,0.0000025363458,0.3655383,-0.000008756233,1,2.745754,3.1415927,2.745754,0
1.0024379,100.24379,0.0000025316356,0.36000296,-0.0000074670656,1,2.752037,3.1415927,2.752037,0
1.0024537,100.24538,0.0000025269251,0.35446742,-0.0000061778501,1,2.7583203,3.1415927,2.7583203,0
1.0024695,100.24696,0.0000025222146,0.34893188,-0.0000048886341,1,2.7646036,3.1415927,2.7646036,0
1.0024854,100.24854,0.0000025175041,0.34339657,-0.0000035994672,1,2.7708867,3.1415927,2.7708867,0
1.0025012,100.25013,0.0000025127936,0.33786103,-0.0000023102514,1,2.7771699,3.1415927,2.7771699,0
1.0025171,100.25171,0.0000025080833,0.3323257,-0.0000010210846,1,2.783453,3.1415927,2.783453,0
1.0025308,100.25308,0.0000025697857,0.32668045,-0.00000013277507,1,2.7897363,3.1415927,2.7897363,0
1.002544,100.2544,0.0000025736556,0.32101098,0.00000023770934,1,2.7960196,3.1415927,2.7960196,0
1.0025572,100.25572,0.000002577525,0.31534171,0.00000060817973,1,2.8023026,3.1415927,2.8023026,0
1.0025704,100.25704,0.0000025813949,0.30967221,0.00000097866416,1,2.8085859,3.1415927,2.8085859,0
1.0025836,100.25836,0.0000025852644,0.30400294,0.0000013491344,1,2.8148689,3.1415927,2.8148689,0
1.0025969,100.25968,0.0000025891343,0.29833347,0.0000017196189,1,2.8211522,3.1415927,2.8211522,0
1.00261,100.261,0.000002593004,0.29266399,0.0000020901034,1,2.8274355,3.1415927,2.8274355,0
1.0026232,100.26232,0.0000025968736,0.28699473,0.0000024605738,1,2.8337185,3.1415927,2.8337185,0
1.0026364,100.26364,0.0000026007433,0.28132522,0.0000028310581,1,2.8400018,3.1415927,2.8400018,0
1.0026497,100.26496,0.000002604613,0.27565596,0.0000032015284,1,2.8462849,3.1415927,2.8462849,0
1.0026629,100.26628,0.0000026084826,0.26998648,0.0000035720129,1,2.8525681,3.1415927,2.8525681,0
1.0026753,100.26752,0.0000026586267,0.26426801,0.0000042111133,1,2.8588514,3.1415927,2.8588514,0
1.0026867,100.26866,0.0000026618468,0.25849113,0.0000043817672,1,2.8651345,3.1415927,2.8651345,0
1.0026982,100.26981,0.0000026650671,0.25271404,0.0000045524275,1,2.8714178,3.1415927,2.8714178,0
1.0027095,100.27095,0.0000026682874,0.24693719,0.000004723081,1,2.8777008,3.1415927,2.8777008,0
1.002721,100.27209,0.0000026715077,0.24116009,0.0000048937413,1,2.8839841,3.1415927,2.8839841,0
1.0027324,100.27324,0.000002674728,0.235383,0.0000050644016,1,2.8902674,3.1415927,2.8902674,0
1.0027438,100.27438,0.000002677948,0.22960614,0.0000052350551,1,2.8965504,3.1415927,2.8965504,0
1.0027553,100.27553,0.0000026811683,0.22382906,0.0000054057155,1,2.9028337,3.1415927,2.9028337,0
1.0027667,100.27667,0.0000026843886,0.21805197,0.0000055763758,1,2.909117,3.1415927,2.909117,0
1.0027782,100.27782,0.0000026876089,0.2122751,0.0000057470297,1,2.9154,3.1415927,2.9154,0
1.0027896,100.27896,0.0000026908292,0.20649801,0.0000059176896,1,2.9216833,3.1415927,2.9216833,0
1.0028008,100.28008,0.0000027267754,0.20071371,0.0000064543442,1,2.9279664,3.1415927,2.9279664,0
1.0028096,100.28096,0.0000027219071,0.19485547,0.0000066279158,1,2.9342496,3.1415927,2.9342496,0
1.0028183,100.28184,0.0000027170388,0.18899722,0.0000068014879,1,2.9405329,3.1415927,2.9405329,0
1.0028272,100.28272,0.0000027121707,0.1831392,0.0000069750531,1,2.946816,3.1415927,2.946816,0
1.002836,100.2836,0.0000027073024,0.17728096,0.0000071486252,1,2.9530993,3.1415927,2.9530993,0
1.0028448,100.28448,0.0000027024341,0.17142294,0.0000073221904,1,2.9593823,3.1415927,2.9593823,0
1.0028536,100.28536,0.0000026975658,0.1655647,0.0000074957625,1,2.9656656,3.1415927,2.9656656,0
1.0028625,100.28624,0.0000026926975,0.15970646,0.0000076693341,1,2.9719489,3.1415927,2.9719489,0
1.0028712,100.28712,0.0000026878295,0.15384842,0.0000078428993,1,2.9782319,3.1415927,2.9782319,0
1.00288,100.288,0.0000026829612,0.14799018,0.0000080164718,1,2.9845152,3.1415927,2.9845152,0
1.0028888,100.28888,0.0000026780931,0.14213216,0.0000081900371,1,2.9907982,3.1415927,2.9907982,0
1.0028976,100.28976,0.0000026732248,0.13627392,0.0000083636087,1,2.9970815,3.1415927,2.9970815,0
1.0029038,100.29038,0.0000026928601,0.13037618,0.0000082155721,1,3.0033648,3.1415927,3.0033648,0
1.0029091,100.29092,0.0000026939858,0.12446389,0.000007439136,1,3.0096478,3.1415927,3.0096478,0
1.0029144,100.29144,0.0000026951118,0.11855139,0.0000066626703,1,3.0159311,3.1415927,3.0159311,0
1.0029197,100.29197,0.0000026962377,0.11263911,0.0000058862347,1,3.0222142,3.1415927,3.0222142,0
1.0029249,100.2925,0.0000026973635,0.1067266,0.0000051097691,1,3.0284975,3.1415927,3.0284975,0
1.0029303,100.29302,0.0000026984894,0.1008141,0.0000043333039,1,3.0347807,3.1415927,3.0347807,0
1.0029355,100.29355,0.0000026996154,0.094901823,0.000003556868,1,3.0410638,3.1415927,3.0410638,0
1.0029408,100.29408,0.0000027007411,0.08898931,0.0000027804028,1,3.0473471,3.1415927,3.0473471,0
1.002946,100.29461,0.0000027018671,0.083077036,0.000002003967,1,3.0536301,3.1415927,3.0536301,0
1.0029514,100.29514,0.000002702993,0.077164531,0.0000012275017,1,3.0599134,3.1415927,3.0599134,0
1.0029566,100.29566,0.0000027041187,0.071252026,0.00000045103633,1,3.0661967,3.1415927,3.0661967,0
1.0029606,100.29606,0.0000027088915,0.065329887,0.00000090196187,1,3.0724797,3.1415927,3.0724797,0
1.0029624,100.29623,0.0000027015515,0.059390314,0.0000024793267,1,3.078763,3.1415927,3.078763,0
1.0029641,100.29642,0.0000026942114,0.053450745,0.0000040566915,1,3.0850463,3.1415927,3.0850463,0
1.0029659,100.29659,0.0000026868715,0.047511399,0.0000056339964,1,3.0913293,3.1415927,3.0913293,0
1.0029677,100.29677,0.0000026795315,0.041571829,0.0000072113612,1,3.0976126,3.1415927,3.0976126,0
1.0029694,100.29694,0.0000026721918,0.035632484,0.0000087886665,1,3.1038957,3.1415927,3.1038957,0
1.0029712,100.29712,0.0000026648518,0.029692912,0.000010366031,1,3.1101789,3.1415927,3.1101789,0
1.002973,100.29729,0.0000026575117,0.023753341,0.000011943396,1,3.1164622,3.1415927,3.1164622,0
1.0029747,100.29747,0.0000026501718,0.017813995,0.000013520701,1,3.1227453,3.1415927,3.1227453,0
1.0029764,100.29765,0.0000026428318,0.011874425,0.000015098066,1,3.1290286,3.1415927,3.1290286,0
1.0029782,100.29782,0.0000026354921,0.0059350803,0.000016675371,1,3.1353116,3.1415927,3.1353116,0
1.00298,100.298,0.0000028564273,-0.0000045413312,0.00001388994,1,3.1415949,3.1415927,3.1415949,0
1.0029782,100.29782,0.0000028418281,-0.0059441295,0.000012406859,1,3.1478782,3.1415927,3.1478782,0
1.0029764,100.29765,0.0000028272298,-0.011883493,0.000010923834,1,3.1541612,3.1415927,3.1541612,0
1.0029747,100.29747,0.0000028126308,-0.017823081,0.0000094407515,1,3.1604445,3.1415927,3.1604445,0
1.002973,100.29729,0.0000027980323,-0.023762444,0.0000079577267,1,3.1667275,3.1415927,3.1667275,0
1.0029712,100.29712,0.0000027834333,-0.029702032,0.000006474645,1,3.1730108,3.1415927,3.1730108,0
1.0029694,100.29694,0.0000027688341,-0.035641622,0.0000049915634,1,3.1792941,3.1415927,3.1792941,0
1.0029676,100.29677,0.0000027542358,-0.041580983,0.0000035085379,1,3.1855772,3.1415927,3.1855772,0
1.0029659,100.29659,0.0000027396366,-0.04752057,0.0000020254563,1,3.1918604,3.1415927,3.1918604,0
1.0029641,100.29641,0.0000027250383,-0.053459935,0.000000542431,1,3.1981435,3.1415927,3.1981435,0
1.0029624,100.29623,0.000002710439,-0.059399523,-0.00000094065064,1,3.2044268,3.1415927,3.2044268,0
1.0029606,100.29606,0.0000026958401,-0.065339111,-0.0000024237322,1,3.21071,3.1415927,3.21071,0
1.0029566,100.29566,0.0000026727239,-0.071261212,-0.0000026234156,1,3.2169931,3.1415927,3.2169931,0
1.0029514,100.29514,0.0000026763698,-0.077173717,-0.0000026725054,1,3.2232764,3.1415927,3.2232764,0
1.002946,100.29461,0.0000026800155,-0.083086222,-0.0000027215951,1,3.2295597,3.1415927,3.2295597,0
1.0029408,100.29408,0.000002683661,-0.088998504,-0.0000027706831,1,3.2358427,3.1415927,3.2358427,0
1.0029355,100.29355,0.000002687307,-0.094911009,-0.0000028197728,1,3.242126,3.1415927,3.242126,0
1.0029302,100.29302,0.0000026909524,-0.10082329,-0.0000028688607,1,3.248409,3.1415927,3.248409,0
1.0029249,100.2925,0.0000026945984,-0.1067358,-0.0000029179505,1,3.2546923,3.1415927,3.2546923,0
1.0029197,100.29197,0.0000026982441,-0.1126483,-0.0000029670402,1,3.2609756,3.1415927,3.2609756,0
1.0029144,100.29144,0.0000027018896,-0.11856058,-0.0000030161282,1,3.2672586,3.1415927,3.2672586,0
1.0029091,100.29091,0.0000027055355,-0.12447309,-0.0000030652179,1,3.2735419,3.1415927,3.2735419,0
1.0029038,100.29038,0.000002709181,-0.13038537,-0.0000031143059,1,3.279825,3.1415927,3.279825,0
1.0028976,100.28976,0.0000026775188,-0.13628303,-0.0000029271357,1,3.2861083,3.1415927,3.2861083,0
1.0028888,100.28888,0.0000026744237,-0.14214127,-0.0000034508603,1,3.2923915,3.1415927,3.2923915,0
1.00288,100.288,0.0000026713287,-0.14799929,-0.0000039745646,1,3.2986746,3.1415927,3.2986746,0
1.0028712,100.28712,0.0000026682335,-0.15385754,-0.0000044982894,1,3.3049579,3.1415927,3.3049579,0
1.0028623,100.28624,0.0000026651385,-0.15971556,-0.0000050219937,1,3.3112409,3.1415927,3.3112409,0
1.0028536,100.28536,0.0000026620435,-0.16557381,-0.0000055457185,1,3.3175242,3.1415927,3.3175242,0
1.0028448,100.28448,0.0000026589482,-0.17143205,-0.0000060694429,1,3.3238075,3.1415927,3.3238075,0
1.002836,100.2836,0.0000026558532,-0.17729007,-0.0000065931472,1,3.3300905,3.1415927,3.3300905,0
1.0028272,100.28271,0.000002652758,-0.18314831,-0.000007116872,1,3.3363738,3.1415927,3.3363738,0
1.0028183,100.28184,0.000002649663,-0.18900633,-0.0000076405768,1,3.3426569,3.1415927,3.3426569,0
1.0028095,100.28096,0.000002646568,-0.19486457,-0.0000081643011,1,3.3489401,3.1415927,3.3489401,0
1.0028008,100.28008,0.0000026434727,-0.20072281,-0.0000086880254,1,3.3552234,3.1415927,3.3552234,0
1.0027896,100.27896,0.0000025972763,-0.206507,-0.0000082624783,1,3.3615065,3.1415927,3.3615065,0
1.0027782,100.27782,0.0000025979955,-0.21228409,-0.0000081381504,1,3.3677897,3.1415927,3.3677897,0
1.0027667,100.27667,0.0000025987144,-0.21806096,-0.0000080138261,1,3.3740728,3.1415927,3.3740728,0
1.0027553,100.27553,0.0000025994336,-0.22383803,-0.0000078894973,1,3.3803561,3.1415927,3.3803561,0
1.0027438,100.27438,0.0000026001526,-0.22961512,-0.0000077651694,1,3.3866394,3.1415927,3.3866394,0
1.0027324,100.27324,0.0000026008718,-0.23539199,-0.0000076408451,1,3.3929224,3.1415927,3.3929224,0
1.002721,100.27209,0.0000026015907,-0.24116908,-0.0000075165162,1,3.3992057,3.1415927,3.3992057,0
1.0027095,100.27095,0.0000026023099,-0.24694616,-0.0000073921879,1,3.405489,3.1415927,3.405489,0
1.0026981,100.26981,0.0000026030289,-0.25272304,-0.000007267864,1,3.411772,3.1415927,3.411772,0
1.0026866,100.26866,0.000002603748,-0.25850013,-0.0000071435352,1,3.4180553,3.1415927,3.4180553,0
1.0026753,100.26752,0.000002604467,-0.26427698,-0.0000070192114,1,3.4243383,3.1415927,3.4243383,0
1.0026628,100.26628,0.0000025467746,-0.2699953,-0.0000061013461,1,3.4306216,3.1415927,3.4306216,0
1.0026497,100.26495,0.0000025492814,-0.27566478,-0.0000051672628,1,3.4369049,3.1415927,3.4369049,0
1.0026364,100.26363,0.0000025517882,-0.28133404,-0.0000042332149,1,3.443188,3.1415927,3.443188,0
1.0026232,100.26231,0.000002554295,-0.28700352,-0.000003299132,1,3.4494712,3.1415927,3.4494712,0
1.00261,100.26099,0.0000025568015,-0.29267278,-0.0000023650841,1,3.4557543,3.1415927,3.4557543,0
1.0025969,100.25967,0.0000025593083,-0.29834229,-0.0000014310011,1,3.4620376,3.1415927,3.4620376,0
1.0025836,100.25835,0.0000025618151,-0.30401176,-0.00000049691795,1,3.4683208,3.1415927,3.4683208,0
1.0025704,100.25703,0.0000025643219,-0.30968103,0.00000043712978,1,3.4746039,3.1415927,3.4746039,0
1.0025572,100.25571,0.0000025668287,-0.3153505,0.000001371213,1,3.4808872,3.1415927,3.4808872,0
1.0025439,100.25439,0.0000025693353,-0.32101977,0.0000023052608,1,3.4871702,3.1415927,3.4871702,0
1.0025308,100.25307,0.0000025718421,-0.32668927,0.0000032393439,1,3.4934535,3.1415927,3.4934535,0
1.0025171,100.25171,0.00000250168,-0.33233428,0.00000456834,1,3.4997368,3.1415927,3.4997368,0
1.0025012,100.25013,0.0000024997148,-0.33786961,0.0000057954339,1,3.5060198,3.1415927,3.5060198,0
1.0024854,100.24854,0.0000024977496,-0.34340516,0.0000070225747,1,3.5123031,3.1415927,3.5123031,0
1.0024695,100.24696,0.0000024957844,-0.34894049,0.0000082496681,1,3.5185862,3.1415927,3.5185862,0
1.0024537,100.24538,0.0000024938192,-0.35447603,0.0000094768093,1,3.5248694,3.1415927,3.5248694,0
1.0024378,100.24379,0.000002491854,-0.36001158,0.00001070395,1,3.5311527,3.1415927,3.5311527,0
1.002422,100.24221,0.0000024898891,-0.36554691,0.000011931043,1,3.5374358,3.1415927,3.5374358,0
1.0024062,100.24062,0.0000024879239,-0.37108245,0.000013158184,1,3.5437191,3.1415927,3.5437191,0
1.0023904,100.23904,0.0000024859587,-0.376618,0.000014385324,1,3.5500023,3.1415927,3.5500023,0
1.0023745,100.23746,0.0000024839935,-0.38215333,0.000015612419,1,3.5562854,3.1415927,3.5562854,0
1.0023587,100.23587,0.0000024820283,-0.38768888,0.000016839558,1,3.5625687,3.1415927,3.5625687,0
1.0023428,100.23429,0.0000024800634,-0.39322421,0.000018066652,1,3.5688517,3.1415927,3.5688517,0
1.0023255,100.23256,0.0000023932596,-0.39862907,0.000019732757,1,3.575135,3.1415927,3.575135,0
1.002308,100.2308,0.0000023901709,-0.40400505,0.000021093032,1,3.5814183,3.1415927,3.5814183,0
1.0022904,100.22904,0.0000023870823,-0.40938082,0.000022453256,1,3.5877013,3.1415927,3.5877013,0
1.0022727,100.22728,0.0000023839934,-0.4147568,0.000023813531,1,3.5939846,3.1415927,3.5939846,0
1.0022552,100.22552,0.0000023809048,-0.42013258,0.000025173753,1,3.6002676,3.1415927,3.6002676,0
1.0022376,100.22375,0.0000023778161,-0.42550856,0.00002653403,1,3.6065509,3.1415927,3.6065509,0
1.00222,100.222,0.0000023747273,-0.43088454,0.000027894304,1,3.6128342,3.1415927,3.6128342,0
1.0022024,100.22024,0.0000023716386,-0.43626031,0.000029254526,1,3.6191173,3.1415927,3.6191173,0
1.0021849,100.21848,0.00000236855,-0.44163629,0.000030614803,1,3.6254005,3.1415927,3.6254005,0
1.0021672,100.21671,0.0000023654613,-0.44701207,0.000031975025,1,3.6316836,3.1415927,3.6316836,0
1.0021496,100.21496,0.0000023623725,-0.45238805,0.000033335302,1,3.6379669,3.1415927,3.6379669,0
1.0021316,100.21316,0.0000022671068,-0.45768011,0.000035175366,1,3.6442502,3.1415927,3.6442502,0
1.0021131,100.21131,0.0000022713732,-0.46287155,0.000036893667,1,3.6505332,3.1415927,3.6505332,0
1.0020946,100.20946,0.0000022756401,-0.46806318,0.000038612034,1,3.6568165,3.1415927,3.6568165,0
1.0020761,100.20761,0.0000022799065,-0.47325462,0.000040330335,1,3.6630995,3.1415927,3.6630995,0
1.0020577,100.20576,0.0000022841732,-0.47844627,0.000042048698,1,3.6693828,3.1415927,3.6693828,0
1.0020392,100.20392,0.0000022884399,-0.4836379,0.000043767064,1,3.6756661,3.1415927,3.6756661,0
1.0020207,100.20207,0.0000022927063,-0.48882934,0.000045485365,1,3.6819491,3.1415927,3.6819491,0
1.0020022,100.20023,0.000002296973,-0.49402097,0.000047203728,1,3.6882324,3.1415927,3.6882324,0
1.0019838,100.19837,0.0000023012396,-0.49921262,0.000048922095,1,3.6945157,3.1415927,3.6945157,0
1.0019653,100.19653,0.0000023055063,-0.50440407,0.000050640396,1,3.7007987,3.1415927,3.7007987,0
1.0019468,100.19468,0.000002309773,-0.50959569,0.000052358759,1,3.707082,3.1415927,3.707082,0
1.0019283,100.19284,0.0000022075717,-0.51476806,0.000054378695,1,3.7133651,3.1415927,3.7133651,0
1.0019108,100.19108,0.0000022133631,-0.51975119,0.000056089175,1,3.7196484,3.1415927,3.7196484,0
1.0018932,100.18932,0.0000022191546,-0.52473438,0.000057799654,1,3.7259316,3.1415927,3.7259316,0
1.0018755,100.18756,0.0000022249458,-0.52971733,0.000059510068,1,3.7322147,3.1415927,3.7322147,0
1.001858,100.1858,0.0000022307372,-0.53470045,0.000061220548,1,3.738498,3.1415927,3.738498,0
1.0018404,100.18404,0.0000022365284,-0.53968346,0.000062930965,1,3.744781,3.1415927,3.744781,0
1.0018227,100.18227,0.0000022423199,-0.54466659,0.000064641448,1,3.7510643,3.1415927,3.7510643,0
1.0018052,100.18052,0.0000022481111,-0.54964978,0.000066351924,1,3.7573476,3.1415927,3.7573476,0
1.0017875,100.17876,0.0000022539023,-0.55463272,0.000068062342,1,3.7636306,3.1415927,3.7636306,0
1.00177,100.17699,0.0000022596937,-0.55961591,0.000069772817,1,3.7699139,3.1415927,3.7699139,0
1.0017524,100.17524,0.0000022654849,-0.56459886,0.000071483235,1,3.776197,3.1415927,3.776197,0
1.0017347,100.17348,0.0000022712763,-0.56958199,0.000073193718,1,3.7824802,3.1415927,3.7824802,0
1.0017172,100.17171,0.0000021435817,-0.57439655,0.000074333184,1,3.7887635,3.1415927,3.7887635,0
1.0016996,100.16995,0.0000021268766,-0.57914788,0.00007486486,1,3.7950466,3.1415927,3.7950466,0
1.0016819,100.1682,0.000002110171,-0.58389944,0.000075396551,1,3.8013299,3.1415927,3.8013299,0
1.0016644,100.16644,0.0000020934658,-0.58865076,0.000075928227,1,3.8076129,3.1415927,3.8076129,0
1.0016468,100.16468,0.0000020767602,-0.59340227,0.000076459917,1,3.8138962,3.1415927,3.8138962,0
1.0016292,100.16292,0.0000020600544,-0.59815383,0.000076991608,1,3.8201795,3.1415927,3.8201795,0
1.0016116,100.16116,0.0000020433492,-0.60290515,0.000077523284,1,3.8264625,3.1415927,3.8264625,0
1.0015941,100.1594,0.0000020266436,-0.60765666,0.000078054974,1,3.8327458,3.1415927,3.8327458,0
1.0015764,100.15764,0.0000020099385,-0.61240804,0.00007858665,1,3.8390288,3.1415927,3.8390288,0
1.0015588,100.15588,0.0000019932329,-0.61715955,0.000079118341,1,3.8453121,3.1415927,3.8453121,0
1.0015413,100.15412,0.0000019765271,-0.62191105,0.000079650039,1,3.8515954,3.1415927,3.8515954,0
1.001524,100.15239,0.000001834514,-0.62656999,0.000080786682,1,3.8578784,3.1415927,3.8578784,0
1.0015073,100.15072,0.0000018224654,-0.63106775,0.00008224028,1,3.8641617,3.1415927,3.8641617,0
1.0014905,100.14905,0.0000018104167,-0.63556546,0.000083693878,1,3.870445,3.1415927,3.870445,0
1.0014738,100.14738,0.0000017983685,-0.64006305,0.000085147418,1,3.8767281,3.1415927,3.8767281,0
1.0014571,100.14571,0.0000017863199,-0.64456081,0.000086601009,1,3.8830113,3.1415927,3.8830113,0
1.0014404,100.14404,0.0000017742717,-0.6490584,0.000088054556,1,3.8892944,3.1415927,3.8892944,0
1.0014236,100.14236,0.0000017622231,-0.65355611,0.000089508147,1,3.8955777,3.1415927,3.8955777,0
1.0014069,100.14069,0.0000017501744,-0.65805387,0.000090961745,1,3.901861,3.1415927,3.901861,0
1.0013902,100.13902,0.0000017381262,-0.66255146,0.000092415285,1,3.908144,3.1415927,3.908144,0
1.0013734,100.13734,0.0000017260776,-0.66704917,0.000093868883,1,3.9144273,3.1415927,3.9144273,0
1.0013567,100.13567,0.0000017140294,-0.67154676,0.000095322423,1,3.9207103,3.1415927,3.9207103,0
1.00134,100.134,0.000002547876,-0.67604333,0.000059756701,1,3.9269936,3.1415927,3.9269936,0
1.001326,100.13259,0.0000024825715,-0.68026614,0.00006148377,1,3.9332769,3.1415927,3.9332769,0
1.0013119,100.13119,0.0000024172696,-0.68448883,0.000063210769,1,3.9395599,3.1415927,3.9395599,0
1.0012978,100.12978,0.0000023519649,-0.68871164,0.000064937842,1,3.9458432,3.1415927,3.9458432,0
1.0012838,100.12836,0.0000022866629,-0.69293433,0.000066664841,1,3.9521263,3.1415927,3.9521263,0
1.0012696,100.12696,0.0000022213585,-0.69715714,0.000068391913,1,3.9584095,3.1415927,3.9584095,0
1.0012555,100.12555,0.0000021560538,-0.70137995,0.000070118978,1,3.9646928,3.1415927,3.9646928,0
1.0012414,100.12415,0.0000020907519,-0.70560265,0.000071845985,1,3.9709759,3.1415927,3.9709759,0
1.0012274,100.12273,0.0000020254474,-0.70982546,0.00007357305,1,3.9772592,3.1415927,3.9772592,0
1.0012133,100.12132,0.0000019601453,-0.71404815,0.000075300057,1,3.9835422,3.1415927,3.9835422,0
1.0011992,100.11992,0.0000018948408,-0.71827096,0.000077027122,1,3.9898255,3.1415927,3.9898255,0
1.0011852,100.11851,0.0000018295364,-0.72249377,0.000078754194,1,3.9961088,3.1415927,3.9961088,0
1.0011716,100.11716,0.0000016565651,-0.72652847,0.000078246521,1,4.0023918,3.1415927,4.0023918,0
1.0011585,100.11584,0.0000016494708,-0.73045611,0.000076100208,1,4.0086751,3.1415927,4.0086751,0
1.0011452,100.11452,0.0000016423764,-0.73438382,0.000073953888,1,4.0149584,3.1415927,4.0149584,0
1.001132,100.1132,0.0000016352822,-0.73831147,0.000071807575,1,4.0212417,3.1415927,4.0212417,0
1.0011188,100.11188,0.0000016281884,-0.74223888,0.000069661422,1,4.0275245,3.1415927,4.0275245,0
1.0011055,100.11056,0.0000016210942,-0.74616653,0.00006751511,1,4.0338078,3.1415927,4.0338078,0
1.0010924,100.10924,0.0000016139998,-0.75009418,0.000065368789,1,4.040091,3.1415927,4.040091,0
1.0010792,100.10792,0.0000016069055,-0.75402188,0.000063222476,1,4.0463743,3.1415927,4.0463743,0
1.001066,100.1066,0.0000015998112,-0.75794953,0.000061076164,1,4.0526576,3.1415927,4.0526576,0
1.0010527,100.10528,0.0000015927174,-0.76187694,0.000058930011,1,4.0589404,3.1415927,4.0589404,0
1.0010396,100.10396,0.0000015856231,-0.76580459,0.000056783694,1,4.0652237,3.1415927,4.0652237,0
1.0010273,100.10273,0.0000014314057,-0.76964629,0.000055465491,1,4.071507,3.1415927,4.071507,0
1.0010177,100.10177,0.0000014440759,-0.77325934,0.000055580127,1,4.0777903,3.1415927,4.0777903,0
1.001008,100.1008,0.0000014567461,-0.7768724,0.000055694767,1,4.0840735,3.1415927,4.0840735,0
1.0009983,100.09983,0.0000014694152,-0.78048515,0.000055809396,1,4.0903563,3.1415927,4.0903563,0
1.0009886,100.09886,0.0000014820854,-0.78409821,0.000055924036,1,4.0966396,3.1415927,4.0966396,0
1.0009789,100.09789,0.0000014947556,-0.78771126,0.000056038676,1,4.1029229,3.1415927,4.1029229,0
1.0009693,100.09692,0.0000015074257,-0.79132432,0.000056153312,1,4.1092062,3.1415927,4.1092062,0
1.0009596,100.09596,0.0000015200959,-0.79493737,0.000056267952,1,4.1154895,3.1415927,4.1154895,0
1.00095,100.09499,0.0000015327652,-0.79855019,0.000056382582,1,4.1217723,3.1415927,4.1217723,0
1.0009403,100.09402,0.0000015454353,-0.80216324,0.000056497222,1,4.1280556,3.1415927,4.1280556,0
1.0009305,100.09306,0.0000015581055,-0.8057763,0.000056611862,1,4.1343389,3.1415927,4.1343389,0
1.0009209,100.09209,0.0000015707757,-0.80938935,0.000056726498,1,4.1406221,3.1415927,4.1406221,0
1.0009129,100.09129,0.0000014121069,-0.8126992,0.000056477824,1,4.1469054,3.1415927,4.1469054,0
1.0009049,100.09049,0.0000014117716,-0.81597865,0.000055986067,1,4.1531882,3.1415927,4.1531882,0
1.000897,100.0897,0.0000014114361,-0.81925833,0.000055494274,1,4.1594715,3.1415927,4.1594715,0
1.0008891,100.08891,0.0000014111007,-0.82253808,0.000055002482,1,4.1657548,3.1415927,4.1657548,0
1.0008812,100.08811,0.0000014107652,-0.82581776,0.000054510689,1,4.1720381,3.1415927,4.1720381,0
1.0008732,100.08732,0.0000014104298,-0.82909745,0.000054018892,1,4.1783214,3.1415927,4.1783214,0
1.0008653,100.08653,0.0000014100943,-0.8323769,0.000053527139,1,4.1846042,3.1415927,4.1846042,0
1.0008574,100.08574,0.000001409759,-0.83565664,0.000053035343,1,4.1908875,3.1415927,4.1908875,0
1.0008495,100.08495,0.0000014094235,-0.83893633,0.00005254355,1,4.1971707,3.1415927,4.1971707,0
1.0008416,100.08415,0.000001409088,-0.84221607,0.000052051757,1,4.203454,3.1415927,4.203454,0
1.0008336,100.08336,0.0000014087526,-0.84549576,0.000051559964,1,4.2097373,3.1415927,4.2097373,0
1.0008272,100.08271,0.0000012394156,-0.84858334,0.000050345639,1,4.2160201,3.1415927,4.2160201,0
1.0008218,100.08218,0.0000012329967,-0.8515116,0.000048226211,1,4.2223034,3.1415927,4.2223034,0
1.0008166,100.08166,0.0000012265778,-0.85443985,0.000046106783,1,4.2285867,3.1415927,4.2285867,0
1.0008113,100.08113,0.0000012201589,-0.85736811,0.000043987351,1,4.23487,3.1415927,4.23487,0
1.000806,100.0806,0.0000012137399,-0.86029637,0.000041867923,1,4.2411532,3.1415927,4.2411532,0
1.0008007,100.08007,0.000001207321,-0.86322463,0.000039748495,1,4.2474365,3.1415927,4.2474365,0
1.0007955,100.07954,0.0000012009026,-0.86615264,0.000037629226,1,4.2537193,3.1415927,4.2537193,0
1.0007901,100.07902,0.0000011944836,-0.8690809,0.000035509795,1,4.2600026,3.1415927,4.2600026,0
1.0007849,100.07849,0.0000011880647,-0.87200916,0.000033390366,1,4.2662859,3.1415927,4.2662859,0
1.0007796,100.07796,0.0000011816459,-0.87493742,0.000031270938,1,4.2725692,3.1415927,4.2725692,0
1.0007743,100.07744,0.0000011752269,-0.87786567,0.000029151508,1,4.2788525,3.1415927,4.2788525,0
1.0007695,100.07696,0.00000099940871,-0.88072646,0.000027124426,1,4.2851353,3.1415927,4.2851353,0
1.0007669,100.07669,0.000001001906,-0.88328588,0.000024730663,1,4.2914186,3.1415927,4.2914186,0
1.0007643,100.07642,0.0000010044032,-0.8858453,0.000022336902,1,4.2977018,3.1415927,4.2977018,0
1.0007616,100.07616,0.0000010069004,-0.88840473,0.00001994314,1,4.3039851,3.1415927,4.3039851,0
1.000759,100.0759,0.0000010093977,-0.89096415,0.000017549379,1,4.3102684,3.1415927,4.3102684,0
1.0007564,100.07563,0.0000010118947,-0.8935234,0.000015155799,1,4.3165512,3.1415927,4.3165512,0
1.0007536,100.07537,0.000001014392,-0.89608282,0.000012762037,1,4.3228345,3.1415927,4.3228345,0
1.000751,100.0751,0.0000010168892,-0.89864224,0.000010368275,1,4.3291178,3.1415927,4.3291178,0
1.0007484,100.07484,0.0000010193864,-0.90120167,0.0000079745132,1,4.3354011,3.1415927,4.3354011,0
1.0007458,100.07458,0.0000010218837,-0.90376109,0.0000055807518,1,4.3416843,3.1415927,4.3416843,0
1.0007432,100.07431,0.0000010243808,-0.90632027,0.0000031871718,1,4.3479671,3.1415927,4.3479671,0
1.0007405,100.07404,0.0000010268781,-0.9088797,0.00000079341015,1,4.3542504,3.1415927,4.3542504,0
1.0007386,100.07385,0.0000008577104,-0.91112393,-0.00000078629972,1,4.3605337,3.1415927,4.3605337,0
1.0007368,100.07368,0.00000086488927,-0.91329837,-0.0000023288035,1,4.366817,3.1415927,4.366817,0
1.000735,100.0735,0.00000087206809,-0.91547281,-0.0000038713074,1,4.3731003,3.1415927,4.3731003,0
1.0007334,100.07333,0.00000087924639,-0.91764706,-0.000005413694,1,4.3793831,3.1415927,4.3793831,0
1.0007316,100.07315,0.00000088642525,-0.91982144,-0.0000069561975,1,4.3856664,3.1415927,4.3856664,0
1.0007298,100.07298,0.00000089360407,-0.92199588,-0.0000084987014,1,4.3919497,3.1415927,4.3919497,0
1.000728,100.0728,0.00000090078294,-0.92417026,-0.000010041205,1,4.3982329,3.1415927,4.3982329,0
1.0007262,100.07262,0.00000090796175,-0.92634469,-0.000011583709,1,4.4045162,3.1415927,4.4045162,0
1.0007246,100.07245,0.00000091514005,-0.92851895,-0.000013126096,1,4.410799,3.1415927,4.410799,0
1.0007228,100.07227,0.00000092231886,-0.93069333,-0.0000146686,1,4.4170823,3.1415927,4.4170823,0
1.000721,100.0721,0.00000092949773,-0.93286777,-0.000016211103,1,4.4233656,3.1415927,4.4233656,0
1.0007192,100.07192,0.00000075241053,-0.93486053,-0.000017521819,1,4.4296489,3.1415927,4.4296489,0
1.0007174,100.07174,0.00000074817689,-0.93663573,-0.000018756535,1,4.4359322,3.1415927,4.4359322,0
1.0007157,100.07156,0.00000074394353,-0.93841076,-0.000019991156,1,4.442215,3.1415927,4.442215,0
1.0007139,100.07139,0.00000073970989,-0.9401859,-0.000021225869,1,4.4484982,3.1415927,4.4484982,0
1.0007122,100.07121,0.00000073547625,-0.94196105,-0.000022460583,1,4.4547815,3.1415927,4.4547815,0
1.0007104,100.07104,0.00000073124261,-0.94373626,-0.000023695298,1,4.4610648,3.1415927,4.4610648,0
1.0007087,100.07086,0.00000072700897,-0.9455114,-0.000024930012,1,4.4673481,3.1415927,4.4673481,0
1.0007069,100.07069,0.00000072277567,-0.94728643,-0.000026164633,1,4.4736309,3.1415927,4.4736309,0
1.0007051,100.07051,0.00000071854203,-0.94906163,-0.000027399348,1,4.4799142,3.1415927,4.4799142,0
1.0007033,100.07034,0.00000071430838,-0.95083678,-0.000028634062,1,4.4861975,3.1415927,4.4861975,0
1.0007015,100.07016,0.00000071007474,-0.95261192,-0.000029868776,1,4.4924808,3.1415927,4.4924808,0
1.0006999,100.06999,0.00000052350424,-0.95434952,-0.000031109539,1,4.498764,3.1415927,4.498764,0
1.000699,100.0699,0.00000051279494,-0.95571327,-0.000033136301,1,4.5050468,3.1415927,4.5050468,0
1.0006982,100.06982,0.00000050208479,-0.95707709,-0.000035163219,1,4.5113301,3.1415927,4.5113301,0
1.0006973,100.06973,0.00000049137469,-0.95844096,-0.000037190137,1,4.5176134,3.1415927,4.5176134,0
1.0006964,100.06964,0.00000048066454,-0.95980477,-0.000039217055,1,4.5238967,3.1415927,4.5238967,0
1.0006955,100.06955,0.00000046995444,-0.96116859,-0.000041243973,1,4.53018,3.1415927,4.53018,0
1.0006946,100.06947,0.00000045924514,-0.96253234,-0.000043270735,1,4.5364628,3.1415927,4.5364628,0
1.0006938,100.06937,0.00000044853502,-0.96389616,-0.000045297653,1,4.5427461,3.1415927,4.5427461,0
1.0006928,100.06929,0.00000043782489,-0.96526003,-0.000047324571,1,4.5490294,3.1415927,4.5490294,0
1.000692,100.0692,0.00000042711477,-0.96662384,-0.000049351489,1,4.5553126,3.1415927,4.5553126,0
1.0006911,100.06911,0.00000041640465,-0.96798772,-0.000051378407,1,4.5615959,3.1415927,4.5615959,0
1.0006902,100.06902,0.00000040569452,-0.96935153,-0.000053405322,1,4.5678792,3.1415927,4.5678792,0
1.0006887,100.06887,0.00000023269838,-0.97040927,-0.00005560062,1,4.574162,3.1415927,4.574162,0
1.0006869,100.0687,0.00000025116097,-0.97135258,-0.000057914702,1,4.5804453,3.1415927,4.5804453,0
1.0006852,100.06852,0.00000026962354,-0.97229582,-0.00006022878,1,4.5867286,3.1415927,4.5867286,0
1.0006834,100.06834,0.00000028808611,-0.97323912,-0.000062542858,1,4.5930119,3.1415927,4.5930119,0
1.0006816,100.06817,0.00000030654869,-0.97418243,-0.00006485694,1,4.5992951,3.1415927,4.5992951,0
1.0006799,100.06799,0.00000032500986,-0.97512561,-0.000067170848,1,4.6055779,3.1415927,4.6055779,0
1.0006782,100.06782,0.00000034347244,-0.97606891,-0.000069484922,1,4.6118612,3.1415927,4.6118612,0
1.0006764,100.06764,0.00000036193501,-0.97701222,-0.000071799004,1,4.6181445,3.1415927,4.6181445,0
1.0006746,100.06747,0.00000038039758,-0.97795552,-0.000074113086,1,4.6244278,3.1415927,4.6244278,0
1.0006728,100.06729,0.00000039886015,-0.97889876,-0.000076427161,1,4.6307111,3.1415927,4.6307111,0
1.000671,100.06712,0.00000041732133,-0.97984201,-0.000078741068,1,4.6369939,3.1415927,4.6369939,0
1.000669,100.0669,0.00000024917978,-0.98062974,-0.000080811929,1,4.6432772,3.1415927,4.6432772,0
1.0006664,100.06664,0.00000026137707,-0.9811458,-0.00008249504,1,4.6495605,3.1415927,4.6495605,0
1.0006638,100.06638,0.00000027357433,-0.98166186,-0.000084178158,1,4.6558437,3.1415927,4.6558437,0
1.0006611,100.06612,0.00000028577162,-0.98217785,-0.000085861277,1,4.662127,3.1415927,4.662127,0
1.0006585,100.06585,0.00000029796797,-0.98269385,-0.000087544264,1,4.6684098,3.1415927,4.6684098,0
1.0006559,100.06558,0.00000031016526,-0.98320991,-0.000089227375,1,4.6746931,3.1415927,4.6746931,0
1.0006531,100.06532,0.00000032236255,-0.98372597,-0.000090910493,1,4.6809764,3.1415927,4.6809764,0
1.0006505,100.06506,0.00000033455984,-0.98424202,-0.000092593604,1,4.6872597,3.1415927,4.6872597,0
1.0006479,100.0648,0.00000034675713,-0.98475802,-0.000094276722,1,4.693543,3.1415927,4.693543,0
1.0006453,100.06453,0.00000035895349,-0.98527402,-0.000095959709,1,4.6998258,3.1415927,4.6998258,0
1.0006427,100.06427,0.00000037115078,-0.98579007,-0.00009764282,1,4.706109,3.1415927,4.706109,0
1.00064,100.064,-0.00000093089892,-0.98630697,-0.000078494559,1,4.7123923,3.1415927,4.7123923,0
1.0006365,100.06365,-0.00000085999125,-0.98639047,-0.000080825477,1,4.7186756,3.1415927,4.7186756,0
1.000633,100.0633,-0.00000077233483,-0.98647398,-0.000083155261,1,4.7249589,3.1415927,4.7249589,0
1.0006294,100.06294,-0.00000068468506,-0.98655748,-0.000085484869,1,4.7312417,3.1415927,4.7312417,0
1.000626,100.06259,-0.00000059702859,-0.98664099,-0.000087814646,1,4.737525,3.1415927,4.737525,0
1.0006224,100.06224,-0.00000050937217,-0.9867245,-0.000090144429,1,4.7438083,3.1415927,4.7438083,0
1.0006189,100.06189,-0.00000042171573,-0.986808,-0.000092474213,1,4.7500916,3.1415927,4.7500916,0
1.0006154,100.06154,-0.00000033405931,-0.98689151,-0.000094803996,1,4.7563748,3.1415927,4.7563748,0
1.0006118,100.06118,-0.00000024640951,-0.98697501,-0.000097133598,1,4.7626576,3.1415927,4.7626576,0
1.0006083,100.06083,-0.00000015875308,-0.98705852,-0.000099463381,1,4.7689409,3.1415927,4.7689409,0
1.0006047,100.06048,-0.000000071096643,-0.98714203,-0.00010179316,1,4.7752242,3.1415927,4.7752242,0
1.0006013,100.06013,0.000000016559795,-0.98722553,-0.00010412295,1,4.7815075,3.1415927,4.7815075,0
1.0005972,100.05972,-0.00000013439278,-0.98703063,-0.00010433172,1,4.7877908,3.1415927,4.7877908,0
1.0005928,100.05928,-0.00000013390731,-0.98667693,-0.00010326719,1,4.7940736,3.1415927,4.7940736,0
1.0005884,100.05884,-0.00000013342181,-0.98632318,-0.00010220257,1,4.8003569,3.1415927,4.8003569,0
1.000584,100.0584,-0.00000013293631,-0.98596936,-0.00010113796,1,4.8066401,3.1415927,4.8066401,0
1.0005796,100.05796,-0.00000013245079,-0.98561561,-0.00010007334,1,4.8129234,3.1415927,4.8129234,0
1.0005752,100.05752,-0.00000013196529,-0.98526186,-0.000099008721,1,4.8192067,3.1415927,4.8192067,0
1.0005708,100.05708,-0.00000013147982,-0.9849081,-0.000097944183,1,4.8254895,3.1415927,4.8254895,0
1.0005664,100.05664,-0.00000013099432,-0.98455435,-0.000096879572,1,4.8317728,3.1415927,4.8317728,0
1.0005621,100.0562,-0.00000013050882,-0.9842006,-0.000095814954,1,4.8380561,3.1415927,4.8380561,0
1.0005577,100.05576,-0.00000013002331,-0.98384684,-0.000094750336,1,4.8443394,3.1415927,4.8443394,0
1.0005533,100.05532,-0.00000012953781,-0.98349309,-0.000093685718,1,4.8506227,3.1415927,4.8506227,0
1.0005488,100.05488,-0.00000031524951,-0.98301858,-0.00009317373,1,4.8569055,3.1415927,4.8569055,0
1.0005444,100.05444,-0.00000033350025,-0.98222262,-0.000093893024,1,4.8631887,3.1415927,4.8631887,0
1.00054,100.054,-0.00000035175103,-0.98142666,-0.000094612318,1,4.869472,3.1415927,4.869472,0
1.0005356,100.05356,-0.00000037000177,-0.9806307,-0.000095331612,1,4.8757553,3.1415927,4.8757553,0
1.0005312,100.05312,-0.00000038825254,-0.97983474,-0.000096050906,1,4.8820386,3.1415927,4.8820386,0
1.0005268,100.05268,-0.00000040650329,-0.97903872,-0.0000967702,1,4.8883219,3.1415927,4.8883219,0
1.0005224,100.05224,-0.00000042475267,-0.97824281,-0.000097489436,1,4.8946047,3.1415927,4.8946047,0
1.000518,100.0518,-0.00000044300342,-0.97744685,-0.000098208729,1,4.900888,3.1415927,4.900888,0
1.0005136,100.05136,-0.00000046125419,-0.97665089,-0.000098928023,1,4.9071712,3.1415927,4.9071712,0
1.0005091,100.05092,-0.00000047950493,-0.97585493,-0.000099647317,1,4.9134545,3.1415927,4.9134545,0
1.0005047,100.05048,-0.00000049775571,-0.97505897,-0.00010036661,1,4.9197378,3.1415927,4.9197378,0
1.0005003,100.05004,-0.00000051600506,-0.97426307,-0.00010108585,1,4.9260206,3.1415927,4.9260206,0
1.0004967,100.04968,-0.00000069099548,-0.97306025,-0.00010191498,1,4.9323039,3.1415927,4.9323039,0
1.0004933,100.04933,-0.00000068568801,-0.97181684,-0.00010265497,1,4.9385872,3.1415927,4.9385872,0
1.0004897,100.04898,-0.00000068038054,-0.97057348,-0.00010339497,1,4.9448705,3.1415927,4.9448705,0
1.0004863,100.04862,-0.00000067507312,-0.96933013,-0.00010413498,1,4.9511538,3.1415927,4.9511538,0
1.0004827,100.04827,-0.00000066976605,-0.96808684,-0.00010487492,1,4.9574366,3.1415927,4.9574366,0
1.0004792,100.04792,-0.00000066445864,-0.96684349,-0.00010561492,1,4.9637198,3.1415927,4.9637198,0
1.0004756,100.04757,-0.00000065915117,-0.96560013,-0.00010635492,1,4.9700031,3.1415927,4.9700031,0
1.0004722,100.04722,-0.0000006538437,-0.96435678,-0.00010709492,1,4.9762864,3.1415927,4.9762864,0
1.0004686,100.04686,-0.00000064853629,-0.96311343,-0.00010783492,1,4.9825697,3.1415927,4.9825697,0
1.0004652,100.04651,-0.00000064322921,-0.96187013,-0.00010857487,1,4.9888525,3.1415927,4.9888525,0
1.0004616,100.04616,-0.0000006379218,-0.96062678,-0.00010931486,1,4.9951358,3.1415927,4.9951358,0
1.0004596,100.04595,-0.00000080389083,-0.95913738,-0.00010973763,1,5.0014191,3.1415927,5.0014191,0
1.0004587,100.04586,-0.00000079295967,-0.95744318,-0.00010968272,1,5.0077024,3.1415927,5.0077024,0
1.0004578,100.04578,-0.00000078202851,-0.95574898,-0.00010962781,1,5.0139856,3.1415927,5.0139856,0
1.0004569,100.04568,-0.0000007710982,-0.95405489,-0.00010957289,1,5.0202684,3.1415927,5.0202684,0
1.000456,100.0456,-0.00000076016704,-0.95236069,-0.00010951798,1,5.0265517,3.1415927,5.0265517,0
1.0004551,100.04551,-0.00000074923588,-0.95066649,-0.00010946307,1,5.032835,3.1415927,5.032835,0
1.0004543,100.04543,-0.00000073830472,-0.94897228,-0.00010940816,1,5.0391183,3.1415927,5.0391183,0
1.0004534,100.04533,-0.00000072737362,-0.94727808,-0.00010935325,1,5.0454016,3.1415927,5.0454016,0
1.0004525,100.04524,-0.00000071644325,-0.945584,-0.00010929834,1,5.0516844,3.1415927,5.0516844,0
1.0004516,100.04516,-0.00000070551209,-0.9438898,-0.00010924342,1,5.0579677,3.1415927,5.0579677,0
1.0004507,100.04507,-0.00000069458093,-0.94219559,-0.00010918851,1,5.0642509,3.1415927,5.0642509,0
1.0004501,100.04501,-0.00000085651811,-0.94041914,-0.00010925408,1,5.0705342,3.1415927,5.0705342,0
1.0004511,100.0451,-0.00000086323007,-0.93827361,-0.00010908565,1,5.0768175,3.1415927,5.0768175,0
1.0004519,100.04519,-0.00000086994152,-0.9361282,-0.00010891723,1,5.0831003,3.1415927,5.0831003,0
1.0004529,100.04528,-0.00000087665347,-0.93398267,-0.00010874879,1,5.0893836,3.1415927,5.0893836,0
1.0004537,100.04536,-0.00000088336543,-0.93183708,-0.00010858036,1,5.0956669,3.1415927,5.0956669,0
1.0004545,100.04546,-0.00000089007739,-0.92969155,-0.00010841192,1,5.1019502,3.1415927,5.1019502,0
1.0004555,100.04554,-0.00000089678929,-0.92754596,-0.00010824349,1,5.1082335,3.1415927,5.1082335,0
1.0004563,100.04563,-0.00000090350073,-0.92540061,-0.00010807507,1,5.1145163,3.1415927,5.1145163,0
1.0004572,100.04572,-0.00000091021269,-0.92325503,-0.00010790664,1,5.1207995,3.1415927,5.1207995,0
1.0004581,100.04581,-0.00000091692465,-0.9211095,-0.0001077382,1,5.1270828,3.1415927,5.1270828,0
1.000459,100.04589,-0.00000092363661,-0.91896391,-0.00010756977,1,5.1333661,3.1415927,5.1333661,0
1.0004599,100.04598,-0.00000093034856,-0.91681838,-0.00010740133,1,5.1396494,3.1415927,5.1396494,0
1.0004643,100.04643,-0.0000011063819,-0.91430712,-0.00010772517,1,5.1459322,3.1415927,5.1459322,0
1.0004696,100.04696,-0.000001119427,-0.91171455,-0.00010795696,1,5.1522155,3.1415927,5.1522155,0
1.0004749,100.04749,-0.000001132472,-0.90912193,-0.00010818876,1,5.1584988,3.1415927,5.1584988,0
1.0004802,100.04801,-0.0000011455171,-0.90652937,-0.00010842056,1,5.164782,3.1415927,5.164782,0
1.0004854,100.04855,-0.0000011585621,-0.90393674,-0.00010865235,1,5.1710653,3.1415927,5.1710653,0
1.0004908,100.04907,-0.0000011716062,-0.90134436,-0.00010888413,1,5.1773481,3.1415927,5.1773481,0
1.000496,100.0496,-0.0000011846513,-0.8987518,-0.00010911592,1,5.1836314,3.1415927,5.1836314,0
1.0005013,100.05013,-0.0000011976963,-0.89615917,-0.00010934772,1,5.1899147,3.1415927,5.1899147,0
1.0005065,100.05066,-0.0000012107414,-0.89356661,-0.00010957952,1,5.196198,3.1415927,5.196198,0
1.0005119,100.05119,-0.0000012237864,-0.89097399,-0.00010981131,1,5.2024813,3.1415927,5.2024813,0
1.0005171,100.05171,-0.0000012368315,-0.88838142,-0.0001100431,1,5.2087646,3.1415927,5.2087646,0
1.000524,100.0524,-0.0000013977244,-0.88559014,-0.00011039919,1,5.2150474,3.1415927,5.2150474,0
1.0005327,100.05328,-0.0000013888355,-0.88256013,-0.00011049159,1,5.2213306,3.1415927,5.2213306,0
1.0005416,100.05416,-0.0000013799465,-0.87953013,-0.00011058399,1,5.2276139,3.1415927,5.2276139,0
1.0005504,100.05504,-0.0000013710576,-0.87650013,-0.0001106764,1,5.2338972,3.1415927,5.2338972,0
1.0005592,100.05592,-0.0000013621686,-0.87347019,-0.00011076879,1,5.2401805,3.1415927,5.2401805,0
1.000568,100.0568,-0.0000013532804,-0.87044042,-0.00011086119,1,5.2464633,3.1415927,5.2464633,0
1.0005769,100.05768,-0.0000013443914,-0.86741042,-0.00011095359,1,5.2527466,3.1415927,5.2527466,0
1.0005856,100.05856,-0.0000013355025,-0.86438042,-0.00011104599,1,5.2590299,3.1415927,5.2590299,0
1.0005944,100.05944,-0.0000013266135,-0.86135048,-0.0001111384,1,5.2653131,3.1415927,5.2653131,0
1.0006032,100.06032,-0.0000013177246,-0.85832047,-0.00011123079,1,5.2715964,3.1415927,5.2715964,0
1.000612,100.0612,-0.0000013088363,-0.85529071,-0.00011132319,1,5.2778792,3.1415927,5.2778792,0
1.0006211,100.06211,-0.0000014496769,-0.8522222,-0.00011153697,1,5.2841625,3.1415927,5.2841625,0
1.0006335,100.06334,-0.0000014298818,-0.84876961,-0.00011065388,1,5.2904458,3.1415927,5.2904458,0
1.0006458,100.06458,-0.0000014100866,-0.84531695,-0.00010977079,1,5.2967291,3.1415927,5.2967291,0
1.000658,100.0658,-0.0000013902913,-0.84186435,-0.0001088877,1,5.3030124,3.1415927,5.3030124,0
1.0006704,100.06704,-0.0000013704977,-0.83841199,-0.00010800468,1,5.3092952,3.1415927,5.3092952,0
1.0006827,100.06827,-0.0000013507025,-0.83495933,-0.00010712159,1,5.3155785,3.1415927,5.3155785,0
1.000695,100.0695,-0.0000013309073,-0.83150673,-0.0001062385,1,5.3218617,3.1415927,5.3218617,0
1.0007074,100.07073,-0.0000013111121,-0.82805407,-0.00010535541,1,5.328145,3.1415927,5.328145,0
1.0007197,100.07197,-0.0000012913168,-0.82460147,-0.00010447232,1,5.3344283,3.1415927,5.3344283,0
1.0007319,100.0732,-0.0000012715232,-0.82114911,-0.0001035893,1,5.3407111,3.1415927,5.3407111,0
1.0007443,100.07443,-0.000001251728,-0.81769645,-0.00010270621,1,5.3469944,3.1415927,5.3469944,0
1.0007566,100.07566,-0.0000012319327,-0.81424385,-0.00010182312,1,5.3532777,3.1415927,5.3532777,0
1.0007708,100.07709,-0.0000013942371,-0.8104977,-0.00010046059,1,5.359561,3.1415927,5.359561,0
1.0007858,100.07858,-0.0000014284124,-0.80664158,-0.000098599572,1,5.3658442,3.1415927,5.3658442,0
1.0008007,100.08008,-0.0000014625851,-0.80278575,-0.000096738688,1,5.3721271,3.1415927,5.3721271,0
1.0008157,100.08157,-0.0000014967604,-0.79892963,-0.000094877658,1,5.3784103,3.1415927,5.3784103,0
1.0008307,100.08307,-0.0000015309358,-0.79507351,-0.000093016628,1,5.3846936,3.1415927,5.3846936,0
1.0008457,100.08456,-0.0000015651112,-0.79121739,-0.000091155605,1,5.3909769,3.1415927,5.3909769,0
1.0008606,100.08607,-0.0000015992865,-0.78736126,-0.000089294575,1,5.3972602,3.1415927,5.3972602,0
1.0008756,100.08756,-0.0000016334593,-0.78350544,-0.000087433691,1,5.403543,3.1415927,5.403543,0
1.0008905,100.08906,-0.0000016676346,-0.77964932,-0.000085572661,1,5.4098263,3.1415927,5.4098263,0
1.0009055,100.09055,-0.00000170181,-0.77579325,-0.000083711639,1,5.4161096,3.1415927,5.4161096,0
1.0009204,100.09205,-0.0000017359853,-0.77193713,-0.000081850609,1,5.4223928,3.1415927,5.4223928,0
1.0009364,100.09364,-0.0000019057795,-0.76794249,-0.000079498866,1,5.4286761,3.1415927,5.4286761,0
1.0009539,100.09541,-0.0000019437407,-0.76370597,-0.000075595664,1,5.4349589,3.1415927,5.4349589,0
1.0009716,100.09716,-0.0000019817048,-0.75946915,-0.000071692171,1,5.4412422,3.1415927,5.4412422,0
1.0009892,100.09892,-0.000002019669,-0.75523233,-0.000067788678,1,5.4475255,3.1415927,5.4475255,0
1.0010067,100.10068,-0.0000020576331,-0.75099546,-0.000063885185,1,5.4538088,3.1415927,5.4538088,0
1.0010244,100.10244,-0.0000020955972,-0.74675864,-0.000059981692,1,5.4600921,3.1415927,5.4600921,0
1.001042,100.1042,-0.0000021335586,-0.74252212,-0.000056078497,1,5.4663749,3.1415927,5.4663749,0
1.0010595,100.10596,-0.0000021715227,-0.7382853,-0.000052175001,1,5.4726582,3.1415927,5.4726582,0
1.0010772,100.10772,-0.0000022094869,-0.73404849,-0.000048271508,1,5.4789414,3.1415927,5.4789414,0
1.0010948,100.10948,-0.000002247451,-0.72981161,-0.000044368015,1,5.4852247,3.1415927,5.4852247,0
1.0011123,100.11124,-0.0000022854151,-0.72557479,-0.000040464522,1,5.491508,3.1415927,5.491508,0
1.00113,100.113,-0.000000081967002,-0.72133487,-0.000090453424,1,5.4977913,3.1415927,5.4977913,0
1.0011493,100.11494,-0.00000030560895,-0.71674263,-0.000086658314,1,5.5040741,3.1415927,5.5040741,0
1.0011687,100.11687,-0.00000047248685,-0.71215004,-0.000082739636,1,5.5103574,3.1415927,5.5103574,0
1.001188,100.1188,-0.00000063936471,-0.7075575,-0.000078820965,1,5.5166407,3.1415927,5.5166407,0
1.0012075,100.12074,-0.00000080624261,-0.7029649,-0.000074902287,1,5.5229239,3.1415927,5.5229239,0
1.0012268,100.12268,-0.00000097312056,-0.6983723,-0.000070983617,1,5.5292072,3.1415927,5.5292072,0
1.0012462,100.12462,-0.0000011399858,-0.69378006,-0.000067065237,1,5.53549,3.1415927,5.53549,0
1.0012655,100.12656,-0.0000013068636,-0.68918747,-0.000063146566,1,5.5417733,3.1415927,5.5417733,0
1.001285,100.12849,-0.0000014737416,-0.68459487,-0.000059227892,1,5.5480566,3.1415927,5.5480566,0
1.0013043,100.13042,-0.0000016406194,-0.68000227,-0.000055309218,1,5.5543399,3.1415927,5.5543399,0
1.0013237,100.13236,-0.0000018074974,-0.67540967,-0.000051390543,1,5.5606232,3.1415927,5.5606232,0
1.001343,100.1343,-0.0000019743625,-0.67081743,-0.000047472167,1,5.566906,3.1415927,5.566906,0
1.0013635,100.13634,-0.0000021472467,-0.66601562,-0.000046510311,1,5.5731893,3.1415927,5.5731893,0
1.0013846,100.13846,-0.0000021427497,-0.66109437,-0.000046786026,1,5.5794725,3.1415927,5.5794725,0
1.0014057,100.14057,-0.0000021382527,-0.65617305,-0.000047061741,1,5.5857558,3.1415927,5.5857558,0
1.0014268,100.14268,-0.0000021337557,-0.65125179,-0.00004733746,1,5.5920391,3.1415927,5.5920391,0
1.0014479,100.14479,-0.000002129259,-0.64633089,-0.000047613154,1,5.5983219,3.1415927,5.5983219,0
1.001469,100.1469,-0.000002124762,-0.64140958,-0.000047888869,1,5.6046052,3.1415927,5.6046052,0
1.0014902,100.14902,-0.000002120265,-0.63648832,-0.000048164584,1,5.6108885,3.1415927,5.6108885,0
1.0015113,100.15112,-0.000002115768,-0.63156706,-0.000048440303,1,5.6171718,3.1415927,5.6171718,0
1.0015324,100.15324,-0.000002111271,-0.62664574,-0.000048716018,1,5.623455,3.1415927,5.623455,0
1.0015535,100.15535,-0.0000021067742,-0.62172484,-0.000048991711,1,5.6297379,3.1415927,5.6297379,0
1.0015746,100.15746,-0.0000021022772,-0.61680359,-0.000049267426,1,5.6360211,3.1415927,5.6360211,0
1.0015957,100.15958,-0.0000021999281,-0.61180049,-0.000049175454,1,5.6423044,3.1415927,5.6423044,0
1.0016168,100.16168,-0.0000021864921,-0.60657948,-0.000046987774,1,5.6485877,3.1415927,5.6485877,0
1.0016381,100.1638,-0.0000021730564,-0.60135841,-0.00004480009,1,5.654871,3.1415927,5.654871,0
1.0016592,100.16591,-0.0000021596215,-0.59613776,-0.000042612573,1,5.6611538,3.1415927,5.6611538,0
1.0016803,100.16802,-0.0000021461858,-0.59091675,-0.000040424889,1,5.6674371,3.1415927,5.6674371,0
1.0017014,100.17014,-0.0000021327498,-0.58569568,-0.000038237205,1,5.6737204,3.1415927,5.6737204,0
1.0017225,100.17225,-0.0000021193141,-0.58047467,-0.000036049521,1,5.6800036,3.1415927,5.6800036,0
1.0017436,100.17435,-0.0000021058781,-0.57525361,-0.000033861837,1,5.6862869,3.1415927,5.6862869,0
1.0017647,100.17647,-0.0000020924433,-0.57003295,-0.000031674321,1,5.6925697,3.1415927,5.6925697,0
1.0017859,100.17858,-0.0000020790076,-0.56481194,-0.000029486637,1,5.698853,3.1415927,5.698853,0
1.001807,100.18069,-0.0000020655716,-0.55959088,-0.000027298955,1,5.7051363,3.1415927,5.7051363,0
1.0018281,100.18281,-0.0000020521359,-0.55436987,-0.000025111271,1,5.7114196,3.1415927,5.7114196,0
1.0018483,100.18484,-0.0000021503849,-0.5489037,-0.00002310029,1,5.7177029,3.1415927,5.7177029,0
1.0018686,100.18687,-0.0000021568999,-0.54341346,-0.000020756283,1,5.7239857,3.1415927,5.7239857,0
1.0018889,100.18889,-0.0000021634155,-0.5379228,-0.000018412096,1,5.730269,3.1415927,5.730269,0
1.0019091,100.19091,-0.0000021699311,-0.53243214,-0.000016067908,1,5.7365522,3.1415927,5.7365522,0
1.0019294,100.19294,-0.0000021764465,-0.52694154,-0.000013723723,1,5.7428355,3.1415927,5.7428355,0
1.0019497,100.19496,-0.0000021829621,-0.52145088,-0.000011379536,1,5.7491188,3.1415927,5.7491188,0
1.0019698,100.19698,-0.0000021894773,-0.51596063,-0.0000090355279,1,5.7554016,3.1415927,5.7554016,0
1.0019901,100.19901,-0.0000021959927,-0.51046997,-0.0000066913412,1,5.7616849,3.1415927,5.7616849,0
1.0020103,100.20103,-0.0000022025083,-0.50497937,-0.000004347155,1,5.7679682,3.1415927,5.7679682,0
1.0020306,100.20306,-0.0000022090239,-0.49948871,-0.0000020029688,1,5.7742515,3.1415927,5.7742515,0
1.0020509,100.20508,-0.0000022155396,-0.49399805,0.00000034121766,1,5.7805347,3.1415927,5.7805347,0
1.0020707,100.20705,-0.0000023053735,-0.48837784,0.0000018169314,1,5.7868176,3.1415927,5.7868176,0
1.00209,100.20899,-0.0000023142493,-0.48264888,0.000003177084,1,5.7931008,3.1415927,5.7931008,0
1.0021093,100.21093,-0.0000023231248,-0.47691995,0.0000045372367,1,5.7993841,3.1415927,5.7993841,0
1.0021287,100.21287,-0.0000023320006,-0.47119099,0.0000058973892,1,5.8056674,3.1415927,5.8056674,0
1.002148,100.2148,-0.0000023408763,-0.46546203,0.0000072575417,1,5.8119507,3.1415927,5.8119507,0
1.0021673,100.21674,-0.0000023497519,-0.4597331,0.0000086176942,1,5.818234,3.1415927,5.818234,0
1.0021868,100.21867,-0.0000023586269,-0.45400459,0.0000099777435,1,5.8245168,3.1415927,5.8245168,0
1.0022061,100.2206,-0.0000023675025,-0.44827563,0.000011337896,1,5.8308001,3.1415927,5.8308001,0
1.0022254,100.22254,-0.0000023763782,-0.44254667,0.000012698049,1,5.8370833,3.1415927,5.8370833,0
1.0022448,100.22448,-0.0000023852538,-0.43681774,0.000014058201,1,5.8433666,3.1415927,5.8433666,0
1.0022641,100.22641,-0.0000023941295,-0.43108878,0.000015418354,1,5.8496499,3.1415927,5.8496499,0
1.0022832,100.22832,-0.0000024711373,-0.42532277,0.000016381629,1,5.8559327,3.1415927,5.8559327,0
1.0023009,100.23008,-0.0000024690808,-0.4193877,0.000017444248,1,5.862216,3.1415927,5.862216,0
1.0023184,100.23183,-0.0000024670242,-0.4134526,0.000018506867,1,5.8684993,3.1415927,5.8684993,0
1.002336,100.2336,-0.0000024649676,-0.40751752,0.000019569487,1,5.8747826,3.1415927,5.8747826,0
1.0023537,100.23536,-0.000002462911,-0.40158242,0.000020632106,1,5.8810658,3.1415927,5.8810658,0
1.0023712,100.23712,-0.0000024608546,-0.39564779,0.000021694643,1,5.8873487,3.1415927,5.8873487,0
1.0023888,100.23888,-0.000002458798,-0.38971269,0.000022757262,1,5.8936319,3.1415927,5.8936319,0
1.0024064,100.24064,-0.0000024567414,-0.38377759,0.000023819881,1,5.8999152,3.1415927,5.8999152,0
1.002424,100.2424,-0.0000024546848,-0.37784252,0.0000248825,1,5.9061985,3.1415927,5.9061985,0
1.0024416,100.24416,-0.0000024526282,-0.37190741,0.000025945117,1,5.9124818,3.1415927,5.9124818,0
1.0024592,100.24592,-0.0000024505716,-0.36597279,0.000027007656,1,5.9187646,3.1415927,5.9187646,0
1.0024768,100.24768,-0.000002448515,-0.36003768,0.000028070275,1,5.9250479,3.1415927,5.9250479,0
1.0024923,100.24922,-0.0000025002764,-0.35396102,0.000028853985,1,5.9313312,3.1415927,5.9313312,0
1.0025072,100.25072,-0.000002493282,-0.34785286,0.000030006235,1,5.9376144,3.1415927,5.9376144,0
1.0025222,100.25222,-0.0000024862875,-0.34174472,0.000031158484,1,5.9438977,3.1415927,5.9438977,0
1.0025371,100.25372,-0.0000024792935,-0.33563703,0.000032310647,1,5.9501805,3.1415927,5.9501805,0
1.0025522,100.25521,-0.000002472299,-0.3295289,0.000033462893,1,5.9564638,3.1415927,5.9564638,0
1.0025671,100.25671,-0.0000024653045,-0.32342073,0.000034615143,1,5.9627471,3.1415927,5.9627471,0
1.0025821,100.2582,-0.0000024583101,-0.3173126,0.000035767393,1,5.9690304,3.1415927,5.9690304,0
1.002597,100.2597,-0.0000024513156,-0.31120443,0.000036919642,1,5.9753137,3.1415927,5.9753137,0
1.002612,100.26119,-0.0000024443216,-0.30509678,0.000038071805,1,5.9815965,3.1415927,5.9815965,0
1.0026269,100.26269,-0.0000024373271,-0.29898861,0.000039224054,1,5.9878798,3.1415927,5.9878798,0
1.0026419,100.26418,-0.0000024303326,-0.29288048,0.000040376304,1,5.994163,3.1415927,5.994163,0
1.0026556,100.26556,-0.0000024724441,-0.28670898,0.000040804105,1,6.0004463,3.1415927,6.0004463,0
1.0026679,100.26679,-0.0000024738301,-0.28046143,0.000041153748,1,6.0067296,3.1415927,6.0067296,0
1.0026803,100.26802,-0.0000024752162,-0.27421436,0.000041503368,1,6.0130124,3.1415927,6.0130124,0
1.0026926,100.26926,-0.0000024766023,-0.26796684,0.000041853014,1,6.0192957,3.1415927,6.0192957,0
1.0027049,100.27048,-0.0000024779883,-0.26171929,0.000042202661,1,6.025579,3.1415927,6.025579,0
1.0027173,100.27172,-0.0000024793744,-0.25547174,0.000042552303,1,6.0318623,3.1415927,6.0318623,0
1.0027295,100.27295,-0.0000024807607,-0.2492242,0.000042901949,1,6.0381455,3.1415927,6.0381455,0
1.0027418,100.27419,-0.0000024821466,-0.24297714,0.00004325157,1,6.0444283,3.1415927,6.0444283,0
1.0027541,100.27541,-0.0000024835326,-0.23672961,0.000043601212,1,6.0507116,3.1415927,6.0507116,0
1.0027665,100.27665,-0.0000024849189,-0.23048206,0.000043950859,1,6.0569949,3.1415927,6.0569949,0
1.0027788,100.27788,-0.000002486305,-0.22423452,0.000044300505,1,6.0632782,3.1415927,6.0632782,0
1.0027908,100.27908,-0.000002520869,-0.21797745,0.000044137771,1,6.0695615,3.1415927,6.0695615,0
1.0027996,100.27996,-0.0000025295524,-0.21162546,0.000042863332,1,6.0758443,3.1415927,6.0758443,0
1.0028083,100.28084,-0.0000025382362,-0.20527297,0.000041588799,1,6.0821276,3.1415927,6.0821276,0
1.0028172,100.28172,-0.0000025469201,-0.19892049,0.000040314262,1,6.0884109,3.1415927,6.0884109,0
1.002826,100.2826,-0.0000025556039,-0.192568,0.000039039725,1,6.0946941,3.1415927,6.0946941,0
1.0028348,100.28348,-0.0000025642878,-0.18621552,0.000037765192,1,6.1009774,3.1415927,6.1009774,0
1.0028436,100.28436,-0.0000025729712,-0.17986353,0.000036490754,1,6.1072602,3.1415927,6.1072602,0
1.0028524,100.28524,-0.0000025816551,-0.17351104,0.000035216217,1,6.1135435,3.1415927,6.1135435,0
1.0028611,100.28612,-0.0000025903389,-0.16715857,0.000033941684,1,6.1198268,3.1415927,6.1198268,0
1.00287,100.287,-0.0000025990228,-0.16080609,0.000032667147,1,6.1261101,3.1415927,6.1261101,0
1.0028788,100.28788,-0.0000026077066,-0.15445361,0.000031392614,1,6.1323934,3.1415927,6.1323934,0
1.0028876,100.28876,-0.0000026163907,-0.14810112,0.000030118077,1,6.1386766,3.1415927,6.1386766,0
1.0028945,100.28945,-0.0000026343685,-0.14169805,0.000028285551,1,6.1449594,3.1415927,6.1449594,0
1.0029006,100.29006,-0.0000026289144,-0.13527532,0.000026750435,1,6.1512427,3.1415927,6.1512427,0
1.0029068,100.29068,-0.0000026234607,-0.12885261,0.00002521532,1,6.157526,3.1415927,6.157526,0
1.002913,100.2913,-0.0000026180066,-0.12242988,0.000023680204,1,6.1638093,3.1415927,6.1638093,0
1.0029191,100.29191,-0.0000026125526,-0.11600716,0.00002214509,1,6.1700926,3.1415927,6.1700926,0
1.0029253,100.29253,-0.0000026070991,-0.10958492,0.00002061009,1,6.1763754,3.1415927,6.1763754,0
1.0029314,100.29314,-0.0000026016453,-0.1031622,0.000019074976,1,6.1826587,3.1415927,6.1826587,0
1.0029376,100.29376,-0.0000025961913,-0.096739471,0.00001753986,1,6.188942,3.1415927,6.188942,0
1.0029438,100.29437,-0.0000025907373,-0.09031675,0.000016004746,1,6.1952252,3.1415927,6.1952252,0
1.0029498,100.29499,-0.0000025852835,-0.083894029,0.00001446963,1,6.2015085,3.1415927,6.2015085,0
1.002956,100.29561,-0.0000025798299,-0.077471793,0.000012934632,1,6.2077913,3.1415927,6.2077913,0
1.0029606,100.29606,-0.0000025764668,-0.071036279,0.000011701312,1,6.2140746,3.1415927,6.2140746,0
1.0029624,100.29623,-0.0000025587919,-0.064578362,0.000012017854,1,6.2203579,3.1415927,6.2203579,0
1.0029641,100.29641,-0.0000025411171,-0.058120441,0.000012334395,1,6.2266412,3.1415927,6.2266412,0
1.0029659,100.29659,-0.0000025234422,-0.051662523,0.000012650937,1,6.2329245,3.1415927,6.2329245,0
1.0029677,100.29677,-0.0000025057686,-0.045205094,0.000012967454,1,6.2392073,3.1415927,6.2392073,0
1.0029694,100.29694,-0.000002488094,-0.038747173,0.000013283996,1,6.2454906,3.1415927,6.2454906,0
1.0029712,100.29712,-0.0000024704191,-0.032289255,0.000013600537,1,6.2517738,3.1415927,6.2517738,0
1.002973,100.29729,-0.0000024527442,-0.025831338,0.00001391708,1,6.2580571,3.1415927,6.2580571,0
1.0029747,100.29747,-0.0000024350693,-0.019373419,0.000014233621,1,6.2643404,3.1415927,6.2643404,0
1.0029764,100.29765,-0.0000024173958,-0.01291599,0.000014550139,1,6.2706232,3.1415927,6.2706232,0
1.0029782,100.29782,-0.0000023997209,-0.0064580715,0.00001486668,1,6.2769065,3.1415927,6.2769065,0
1.00298,100.298,-0.000002382046,-0.00000015269303,0.000015183222,1,6.2831898,3.1415927,6.2831898,0
