"Velocity_average:0","Velocity_average:1","vtkValidPointMask","arc_length","Points:0","Points:1","Points:2"
0.00058755,0.00013635,1,0,-0.48,0.5,0
0.00041426,0.00018772,1,0.00050002,-0.48,0.5005,0
3.693e-05,0.00021417,1,0.00099999,-0.48,0.501,0
-0.00034045,0.00024062,1,0.0015,-0.48,0.5015,0
-0.00071778,0.00026706,1,0.002,-0.48,0.502,0
-0.0010952,0.00029351,1,0.0025,-0.48,0.5025,0
-0.001311,0.00043276,1,0.003,-0.48,0.503,0
-0.001748,0.00053219,1,0.0035,-0.48,0.5035,0
-0.002185,0.00063163,1,0.004,-0.48,0.504,0
-0.0026219,0.00073106,1,0.0045,-0.48,0.5045,0
-0.0030589,0.0008305,1,0.005,-0.48,0.505,0
-0.0033174,0.0010575,1,0.0055,-0.48,0.5055,0
-0.0038143,0.00123,1,0.006,-0.48,0.506,0
-0.0043112,0.0014025,1,0.0065,-0.48,0.5065,0
-0.0048082,0.001575,1,0.007,-0.48,0.507,0
-0.005305,0.0017475,1,0.0075,-0.48,0.5075,0
-0.0056528,0.0020387,1,0.008,-0.48,0.508,0
-0.006163,0.002308,1,0.0085,-0.48,0.5085,0
-0.0067197,0.0025535,1,0.009,-0.48,0.509,0
-0.0072764,0.002799,1,0.0095,-0.48,0.5095,0
-0.007833,0.0030446,1,0.01,-0.48,0.51,0
-0.0083097,0.003364,1,0.0105,-0.48,0.5105,0
-0.0087932,0.0037658,1,0.011,-0.48,0.511,0
-0.0094094,0.0040842,1,0.0115,-0.48,0.5115,0
-0.010026,0.0044027,1,0.012,-0.48,0.512,0
-0.010642,0.0047211,1,0.0125,-0.48,0.5125,0
-0.01126,0.0050711,1,0.013,-0.48,0.513,0
-0.010854,0.0056247,1,0.0135,-0.48,0.5135,0
-0.010493,0.0060156,1,0.014,-0.48,0.514,0
-0.010133,0.0064065,1,0.0145,-0.48,0.5145,0
-0.0097719,0.0067974,1,0.015,-0.48,0.515,0
-0.0094112,0.0071882,1,0.0155,-0.48,0.5155,0
-0.0090464,0.0075905,1,0.016,-0.48,0.516,0
-0.0086134,0.008153,1,0.0165,-0.48,0.5165,0
-0.008219,0.0085723,1,0.017,-0.48,0.517,0
-0.0078247,0.0089916,1,0.0175,-0.48,0.5175,0
-0.0074303,0.009411,1,0.018,-0.48,0.518,0
-0.0070359,0.0098302,1,0.0185,-0.48,0.5185,0
-0.0066355,0.010266,1,0.019,-0.48,0.519,0
-0.0061754,0.010839,1,0.0195,-0.48,0.5195,0
-0.0057474,0.011286,1,0.02,-0.48,0.52,0
-0.0053193,0.011734,1,0.0205,-0.48,0.5205,0
-0.0048913,0.012182,1,0.021,-0.48,0.521,0
-0.0044633,0.01263,1,0.0215,-0.48,0.5215,0
-0.0040278,0.013099,1,0.022,-0.48,0.522,0
-0.00354,0.013682,1,0.0225,-0.48,0.5225,0
-0.0030783,0.014158,1,0.023,-0.48,0.523,0
-0.0026166,0.014634,1,0.0235,-0.48,0.5235,0
-0.002155,0.015111,1,0.024,-0.48,0.524,0
-0.0016933,0.015587,1,0.0245,-0.48,0.5245,0
-0.0012231,0.016087,1,0.025,-0.48,0.525,0
-0.0007073,0.016683,1,0.0255,-0.48,0.5255,0
-0.00021194,0.017187,1,0.026,-0.48,0.526,0
0.00028335,0.017692,1,0.0265,-0.48,0.5265,0
0.00077871,0.018197,1,0.027,-0.48,0.527,0
0.001274,0.018701,1,0.0275,-0.48,0.5275,0
0.001723,0.019155,1,0.028,-0.48,0.528,0
0.0022792,0.019755,1,0.0285,-0.48,0.5285,0
0.0028734,0.020266,1,0.029,-0.48,0.529,0
0.0034676,0.020777,1,0.0295,-0.48,0.5295,0
0.0040618,0.021288,1,0.03,-0.48,0.53,0
0.004656,0.021799,1,0.0305,-0.48,0.5305,0
0.0052502,0.02231,1,0.031,-0.48,0.531,0
0.0058268,0.022852,1,0.0315,-0.48,0.5315,0
0.0063974,0.023406,1,0.032,-0.48,0.532,0
0.0069997,0.023907,1,0.0325,-0.48,0.5325,0
0.0076019,0.024408,1,0.033,-0.48,0.533,0
0.0082042,0.024909,1,0.0335,-0.48,0.5335,0
0.0088064,0.02541,1,0.034,-0.48,0.534,0
0.0094087,0.02591,1,0.0345,-0.48,0.5345,0
0.0099825,0.026443,1,0.035,-0.48,0.535,0
0.010569,0.026961,1,0.0355,-0.48,0.5355,0
0.011179,0.027452,1,0.036,-0.48,0.536,0
0.01179,0.027942,1,0.0365,-0.48,0.5365,0
0.0124,0.028433,1,0.037,-0.48,0.537,0
0.01301,0.028924,1,0.0375,-0.48,0.5375,0
0.01362,0.029414,1,0.038,-0.48,0.538,0
0.01419,0.02993,1,0.0385,-0.48,0.5385,0
0.014794,0.030419,1,0.039,-0.48,0.539,0
0.015412,0.0309,1,0.0395,-0.48,0.5395,0
0.01603,0.03138,1,0.04,-0.48,0.54,0
0.016648,0.03186,1,0.0405,-0.48,0.5405,0
0.017266,0.032341,1,0.041,-0.48,0.541,0
0.017884,0.032821,1,0.0415,-0.48,0.5415,0
0.018448,0.03331,1,0.042,-0.48,0.542,0
0.019071,0.033781,1,0.0425,-0.48,0.5425,0
0.019697,0.034251,1,0.043,-0.48,0.543,0
0.020324,0.034721,1,0.0435,-0.48,0.5435,0
0.02095,0.035192,1,0.044,-0.48,0.544,0
0.021576,0.035662,1,0.0445,-0.48,0.5445,0
0.022203,0.036132,1,0.045,-0.48,0.545,0
0.022626,0.036521,1,0.0455,-0.48,0.5455,0
0.023129,0.036966,1,0.046,-0.48,0.546,0
0.023636,0.037411,1,0.0465,-0.48,0.5465,0
0.024142,0.037856,1,0.047,-0.48,0.547,0
0.024648,0.038301,1,0.0475,-0.48,0.5475,0
0.025154,0.038746,1,0.048,-0.48,0.548,0
0.02566,0.039191,1,0.0485,-0.48,0.5485,0
0.026166,0.039636,1,0.049,-0.48,0.549,0
0.026556,0.040019,1,0.0495,-0.48,0.5495,0
0.027056,0.040422,1,0.05,-0.48,0.55,0
0.027557,0.040825,1,0.0505,-0.48,0.5505,0
0.028057,0.041229,1,0.051,-0.48,0.551,0
0.028557,0.041632,1,0.0515,-0.48,0.5515,0
0.029057,0.042035,1,0.052,-0.48,0.552,0
0.029557,0.042439,1,0.0525,-0.48,0.5525,0
0.030057,0.042842,1,0.053,-0.48,0.553,0
0.030438,0.04316,1,0.0535,-0.48,0.5535,0
0.030932,0.043522,1,0.054,-0.48,0.554,0
0.031426,0.043883,1,0.0545,-0.48,0.5545,0
0.03192,0.044244,1,0.055,-0.48,0.555,0
0.032414,0.044606,1,0.0555,-0.48,0.5555,0
0.032908,0.044967,1,0.056,-0.48,0.556,0
0.033402,0.045329,1,0.0565,-0.48,0.5565,0
0.033887,0.045682,1,0.057,-0.48,0.557,0
0.034268,0.045943,1,0.0575,-0.48,0.5575,0
0.034756,0.046263,1,0.058,-0.48,0.558,0
0.035244,0.046583,1,0.0585,-0.48,0.5585,0
0.035732,0.046902,1,0.059,-0.48,0.559,0
0.03622,0.047222,1,0.0595,-0.48,0.5595,0
0.036708,0.047542,1,0.06,-0.48,0.56,0
0.037196,0.047861,1,0.0605,-0.48,0.5605,0
0.037659,0.048158,1,0.061,-0.48,0.561,0
0.038047,0.048369,1,0.0615,-0.48,0.5615,0
0.038529,0.048647,1,0.062,-0.48,0.562,0
0.039011,0.048925,1,0.0625,-0.48,0.5625,0
0.039493,0.049203,1,0.063,-0.48,0.563,0
0.039975,0.049481,1,0.0635,-0.48,0.5635,0
0.040457,0.049759,1,0.064,-0.48,0.564,0
0.040939,0.050037,1,0.0645,-0.48,0.5645,0
0.041409,0.05023,1,0.065,-0.48,0.565,0
0.04164,0.050385,1,0.0655,-0.48,0.5655,0
0.041946,0.050619,1,0.066,-0.48,0.566,0
0.042251,0.050853,1,0.0665,-0.48,0.5665,0
0.042556,0.051088,1,0.067,-0.48,0.567,0
0.042862,0.051322,1,0.0675,-0.48,0.5675,0
0.043167,0.051556,1,0.068,-0.48,0.568,0
0.043472,0.05179,1,0.0685,-0.48,0.5685,0
0.043778,0.052025,1,0.069,-0.48,0.569,0
0.044062,0.05223,1,0.0695,-0.48,0.5695,0
0.044272,0.052323,1,0.07,-0.48,0.57,0
0.044568,0.05251,1,0.0705,-0.48,0.5705,0
0.044863,0.052698,1,0.071,-0.48,0.571,0
0.045159,0.052886,1,0.0715,-0.48,0.5715,0
0.045455,0.053073,1,0.072,-0.48,0.572,0
0.045751,0.053261,1,0.0725,-0.48,0.5725,0
0.046046,0.053448,1,0.073,-0.48,0.573,0
0.046342,0.053636,1,0.0735,-0.48,0.5735,0
0.046628,0.053809,1,0.074,-0.48,0.574,0
0.046816,0.05384,1,0.0745,-0.48,0.5745,0
0.047102,0.053981,1,0.075,-0.48,0.575,0
0.047388,0.054122,1,0.0755,-0.48,0.5755,0
0.047674,0.054263,1,0.076,-0.48,0.576,0
0.04796,0.054404,1,0.0765,-0.48,0.5765,0
0.048246,0.054545,1,0.077,-0.48,0.577,0
0.048532,0.054686,1,0.0775,-0.48,0.5775,0
0.048818,0.054826,1,0.078,-0.48,0.578,0
0.049104,0.054967,1,0.0785,-0.48,0.5785,0
0.049272,0.054937,1,0.079,-0.48,0.579,0
0.049548,0.055031,1,0.0795,-0.48,0.5795,0
0.049825,0.055125,1,0.08,-0.48,0.58,0
0.050101,0.055219,1,0.0805,-0.48,0.5805,0
0.050377,0.055314,1,0.081,-0.48,0.581,0
0.050654,0.055408,1,0.0815,-0.48,0.5815,0
0.05093,0.055502,1,0.082,-0.48,0.582,0
0.051207,0.055596,1,0.0825,-0.48,0.5825,0
0.051483,0.055691,1,0.083,-0.48,0.583,0
0.051641,0.055613,1,0.0835,-0.48,0.5835,0
0.051907,0.05566,1,0.084,-0.48,0.584,0
0.052174,0.055708,1,0.0845,-0.48,0.5845,0
0.05244,0.055755,1,0.085,-0.48,0.585,0
0.052707,0.055803,1,0.0855,-0.48,0.5855,0
0.052974,0.05585,1,0.086,-0.48,0.586,0
0.05324,0.055898,1,0.0865,-0.48,0.5865,0
0.053507,0.055946,1,0.087,-0.48,0.587,0
0.053773,0.055993,1,0.0875,-0.48,0.5875,0
0.054,0.055853,1,0.088,-0.48,0.588,0
0.054104,0.055827,1,0.0885,-0.48,0.5885,0
0.054218,0.055835,1,0.089,-0.48,0.589,0
0.054333,0.055843,1,0.0895,-0.48,0.5895,0
0.054447,0.055851,1,0.09,-0.48,0.59,0
0.054561,0.055859,1,0.0905,-0.48,0.5905,0
0.054676,0.055867,1,0.091,-0.48,0.591,0
0.05479,0.055875,1,0.0915,-0.48,0.5915,0
0.054904,0.055883,1,0.092,-0.48,0.592,0
0.055018,0.055891,1,0.0925,-0.48,0.5925,0
0.055109,0.055843,1,0.093,-0.48,0.593,0
0.055172,0.055735,1,0.0935,-0.48,0.5935,0
0.055264,0.055716,1,0.094,-0.48,0.594,0
0.055356,0.055696,1,0.0945,-0.48,0.5945,0
0.055448,0.055676,1,0.095,-0.48,0.595,0
0.055539,0.055657,1,0.0955,-0.48,0.5955,0
0.055631,0.055637,1,0.096,-0.48,0.596,0
0.055723,0.055617,1,0.0965,-0.48,0.5965,0
0.055815,0.055597,1,0.097,-0.48,0.597,0
0.055907,0.055578,1,0.0975,-0.48,0.5975,0
0.055999,0.055558,1,0.098,-0.48,0.598,0
0.056031,0.05541,1,0.0985,-0.48,0.5985,0
0.056094,0.055347,1,0.099,-0.48,0.599,0
0.056164,0.0553,1,0.0995,-0.48,0.5995,0
0.056233,0.055253,1,0.1,-0.48,0.6,0
0.056303,0.055205,1,0.1005,-0.48,0.6005,0
0.056372,0.055158,1,0.101,-0.48,0.601,0
0.056441,0.055111,1,0.1015,-0.48,0.6015,0
0.056511,0.055063,1,0.102,-0.48,0.602,0
0.05658,0.055016,1,0.1025,-0.48,0.6025,0
0.05665,0.054969,1,0.103,-0.48,0.603,0
0.056689,0.054863,1,0.1035,-0.48,0.6035,0
0.05671,0.05473,1,0.104,-0.48,0.604,0
0.056757,0.054655,1,0.1045,-0.48,0.6045,0
0.056804,0.05458,1,0.105,-0.48,0.605,0
0.056851,0.054505,1,0.1055,-0.48,0.6055,0
0.056898,0.05443,1,0.106,-0.48,0.606,0
0.056945,0.054355,1,0.1065,-0.48,0.6065,0
0.056992,0.05428,1,0.107,-0.48,0.607,0
0.057039,0.054205,1,0.1075,-0.48,0.6075,0
0.057086,0.05413,1,0.108,-0.48,0.608,0
0.057133,0.054055,1,0.1085,-0.48,0.6085,0
0.057112,0.053867,1,0.109,-0.48,0.609,0
0.057135,0.053761,1,0.1095,-0.48,0.6095,0
0.057159,0.053659,1,0.11,-0.48,0.61,0
0.057184,0.053556,1,0.1105,-0.48,0.6105,0
0.057209,0.053453,1,0.111,-0.48,0.611,0
0.057233,0.053351,1,0.1115,-0.48,0.6115,0
0.057258,0.053248,1,0.112,-0.48,0.612,0
0.057283,0.053146,1,0.1125,-0.48,0.6125,0
0.057307,0.053043,1,0.113,-0.48,0.613,0
0.057332,0.05294,1,0.1135,-0.48,0.6135,0
0.057391,0.0528,1,0.114,-0.48,0.614,0
0.057425,0.052632,1,0.1145,-0.48,0.6145,0
0.057445,0.052508,1,0.115,-0.48,0.615,0
0.057465,0.052385,1,0.1155,-0.48,0.6155,0
0.057486,0.052261,1,0.116,-0.48,0.616,0
0.057506,0.052137,1,0.1165,-0.48,0.6165,0
0.057526,0.052014,1,0.117,-0.48,0.617,0
0.057546,0.05189,1,0.1175,-0.48,0.6175,0
0.057567,0.051766,1,0.118,-0.48,0.618,0
0.057587,0.051642,1,0.1185,-0.48,0.6185,0
0.057607,0.051519,1,0.119,-0.48,0.619,0
0.057627,0.051395,1,0.1195,-0.48,0.6195,0
0.057645,0.051248,1,0.12,-0.48,0.62,0
0.057651,0.051097,1,0.1205,-0.48,0.6205,0
0.057642,0.050979,1,0.121,-0.48,0.621,0
0.057633,0.050862,1,0.1215,-0.48,0.6215,0
0.057624,0.050744,1,0.122,-0.48,0.622,0
0.057615,0.050626,1,0.1225,-0.48,0.6225,0
0.057606,0.050508,1,0.123,-0.48,0.623,0
0.057596,0.050391,1,0.1235,-0.48,0.6235,0
0.057587,0.050273,1,0.124,-0.48,0.624,0
0.057578,0.050155,1,0.1245,-0.48,0.6245,0
0.057569,0.050038,1,0.125,-0.48,0.625,0
0.05756,0.04992,1,0.1255,-0.48,0.6255,0
0.057549,0.049789,1,0.126,-0.48,0.626,0
0.057529,0.049655,1,0.1265,-0.48,0.6265,0
0.057491,0.049543,1,0.127,-0.48,0.627,0
0.057452,0.049432,1,0.1275,-0.48,0.6275,0
0.057413,0.04932,1,0.128,-0.48,0.628,0
0.057375,0.049208,1,0.1285,-0.48,0.6285,0
0.057336,0.049097,1,0.129,-0.48,0.629,0
0.057298,0.048985,1,0.1295,-0.48,0.6295,0
0.057259,0.048873,1,0.13,-0.48,0.63,0
0.057221,0.048761,1,0.1305,-0.48,0.6305,0
0.057182,0.04865,1,0.131,-0.48,0.631,0
0.057144,0.048538,1,0.1315,-0.48,0.6315,0
0.057105,0.048422,1,0.132,-0.48,0.632,0
0.057058,0.048306,1,0.1325,-0.48,0.6325,0
0.05699,0.0482,1,0.133,-0.48,0.633,0
0.056922,0.048095,1,0.1335,-0.48,0.6335,0
0.056854,0.047989,1,0.134,-0.48,0.634,0
0.056786,0.047883,1,0.1345,-0.48,0.6345,0
0.056718,0.047778,1,0.135,-0.48,0.635,0
0.05665,0.047672,1,0.1355,-0.48,0.6355,0
0.056582,0.047566,1,0.136,-0.48,0.636,0
0.056515,0.047461,1,0.1365,-0.48,0.6365,0
0.056447,0.047355,1,0.137,-0.48,0.637,0
0.056379,0.047249,1,0.1375,-0.48,0.6375,0
0.056312,0.047148,1,0.138,-0.48,0.638,0
0.056238,0.04705,1,0.1385,-0.48,0.6385,0
0.056141,0.046951,1,0.139,-0.48,0.639,0
0.056044,0.046851,1,0.1395,-0.48,0.6395,0
0.055946,0.046751,1,0.14,-0.48,0.64,0
0.055849,0.046652,1,0.1405,-0.48,0.6405,0
0.055752,0.046552,1,0.141,-0.48,0.641,0
0.055654,0.046452,1,0.1415,-0.48,0.6415,0
0.055557,0.046353,1,0.142,-0.48,0.642,0
0.05546,0.046253,1,0.1425,-0.48,0.6425,0
0.055362,0.046153,1,0.143,-0.48,0.643,0
0.055265,0.046054,1,0.1435,-0.48,0.6435,0
0.055154,0.046041,1,0.144,-0.48,0.644,0
0.05521,0.045965,1,0.1445,-0.48,0.6445,0
0.055254,0.045874,1,0.145,-0.48,0.645,0
0.055299,0.045783,1,0.1455,-0.48,0.6455,0
0.055343,0.045693,1,0.146,-0.48,0.646,0
0.055387,0.045602,1,0.1465,-0.48,0.6465,0
0.055432,0.045511,1,0.147,-0.48,0.647,0
0.055476,0.04542,1,0.1475,-0.48,0.6475,0
0.055521,0.045329,1,0.148,-0.48,0.648,0
0.055565,0.045238,1,0.1485,-0.48,0.6485,0
0.055609,0.045148,1,0.149,-0.48,0.649,0
0.055654,0.045057,1,0.1495,-0.48,0.6495,0
0.055698,0.044966,1,0.15,-0.48,0.65,0
0.055743,0.044875,1,0.1505,-0.48,0.6505,0
0.055784,0.044801,1,0.151,-0.48,0.651,0
0.05582,0.044732,1,0.1515,-0.48,0.6515,0
0.055845,0.04465,1,0.152,-0.48,0.652,0
0.05587,0.044568,1,0.1525,-0.48,0.6525,0
0.055895,0.044487,1,0.153,-0.48,0.653,0
0.055921,0.044405,1,0.1535,-0.48,0.6535,0
0.055946,0.044323,1,0.154,-0.48,0.654,0
0.055971,0.044242,1,0.1545,-0.48,0.6545,0
0.055997,0.04416,1,0.155,-0.48,0.655,0
0.056022,0.044078,1,0.1555,-0.48,0.6555,0
0.056047,0.043997,1,0.156,-0.48,0.656,0
0.056072,0.043915,1,0.1565,-0.48,0.6565,0
0.056098,0.043833,1,0.157,-0.48,0.657,0
0.056123,0.043752,1,0.1575,-0.48,0.6575,0
0.056145,0.043691,1,0.158,-0.48,0.658,0
0.05616,0.043629,1,0.1585,-0.48,0.6585,0
0.056166,0.043556,1,0.159,-0.48,0.659,0
0.056172,0.043484,1,0.1595,-0.48,0.6595,0
0.056178,0.043411,1,0.16,-0.48,0.66,0
0.056185,0.043339,1,0.1605,-0.48,0.6605,0
0.056191,0.043266,1,0.161,-0.48,0.661,0
0.056197,0.043194,1,0.1615,-0.48,0.6615,0
0.056203,0.043121,1,0.162,-0.48,0.662,0
0.056209,0.043049,1,0.1625,-0.48,0.6625,0
0.056215,0.042976,1,0.163,-0.48,0.663,0
0.056221,0.042904,1,0.1635,-0.48,0.6635,0
0.056228,0.042831,1,0.164,-0.48,0.664,0
0.056234,0.042759,1,0.1645,-0.48,0.6645,0
0.056237,0.042713,1,0.165,-0.48,0.665,0
0.056231,0.042656,1,0.1655,-0.48,0.6655,0
0.056218,0.042593,1,0.166,-0.48,0.666,0
0.056205,0.04253,1,0.1665,-0.48,0.6665,0
0.056192,0.042466,1,0.167,-0.48,0.667,0
0.056179,0.042403,1,0.1675,-0.48,0.6675,0
0.056166,0.04234,1,0.168,-0.48,0.668,0
0.056153,0.042276,1,0.1685,-0.48,0.6685,0
0.05614,0.042213,1,0.169,-0.48,0.669,0
0.056127,0.04215,1,0.1695,-0.48,0.6695,0
0.056114,0.042087,1,0.17,-0.48,0.67,0
0.056101,0.042023,1,0.1705,-0.48,0.6705,0
0.056088,0.04196,1,0.171,-0.48,0.671,0
0.056075,0.041901,1,0.1715,-0.48,0.6715,0
0.05606,0.041865,1,0.172,-0.48,0.672,0
0.056032,0.041815,1,0.1725,-0.48,0.6725,0
0.056,0.04176,1,0.173,-0.48,0.673,0
0.055968,0.041706,1,0.1735,-0.48,0.6735,0
0.055936,0.041652,1,0.174,-0.48,0.674,0
0.055903,0.041598,1,0.1745,-0.48,0.6745,0
0.055871,0.041544,1,0.175,-0.48,0.675,0
0.055839,0.04149,1,0.1755,-0.48,0.6755,0
0.055807,0.041436,1,0.176,-0.48,0.676,0
0.055775,0.041382,1,0.1765,-0.48,0.6765,0
0.055743,0.041327,1,0.177,-0.48,0.677,0
0.055711,0.041273,1,0.1775,-0.48,0.6775,0
0.055679,0.041219,1,0.178,-0.48,0.678,0
0.055654,0.041236,1,0.1785,-0.48,0.6785,0
0.055698,0.041204,1,0.179,-0.48,0.679,0
0.055745,0.041161,1,0.1795,-0.48,0.6795,0
0.055794,0.041114,1,0.18,-0.48,0.68,0
0.055842,0.041068,1,0.1805,-0.48,0.6805,0
0.055891,0.041021,1,0.181,-0.48,0.681,0
0.055939,0.040975,1,0.1815,-0.48,0.6815,0
0.055987,0.040928,1,0.182,-0.48,0.682,0
0.056036,0.040882,1,0.1825,-0.48,0.6825,0
0.056084,0.040835,1,0.183,-0.48,0.683,0
0.056132,0.040789,1,0.1835,-0.48,0.6835,0
0.056181,0.040742,1,0.184,-0.48,0.684,0
0.056229,0.040695,1,0.1845,-0.48,0.6845,0
0.056277,0.040649,1,0.185,-0.48,0.685,0
0.056326,0.040602,1,0.1855,-0.48,0.6855,0
0.056374,0.040556,1,0.186,-0.48,0.686,0
0.056416,0.040514,1,0.1865,-0.48,0.6865,0
0.056449,0.040478,1,0.187,-0.48,0.687,0
0.056486,0.040432,1,0.1875,-0.48,0.6875,0
0.056523,0.040385,1,0.188,-0.48,0.688,0
0.05656,0.040338,1,0.1885,-0.48,0.6885,0
0.056597,0.040291,1,0.189,-0.48,0.689,0
0.056634,0.040244,1,0.1895,-0.48,0.6895,0
0.056671,0.040197,1,0.19,-0.48,0.69,0
0.056708,0.04015,1,0.1905,-0.48,0.6905,0
0.056745,0.040103,1,0.191,-0.48,0.691,0
0.056782,0.040056,1,0.1915,-0.48,0.6915,0
0.056819,0.040009,1,0.192,-0.48,0.692,0
0.056856,0.039962,1,0.1925,-0.48,0.6925,0
0.056893,0.039915,1,0.193,-0.48,0.693,0
0.05693,0.039868,1,0.1935,-0.48,0.6935,0
0.056968,0.039821,1,0.194,-0.48,0.694,0
0.056997,0.039778,1,0.1945,-0.48,0.6945,0
0.057019,0.039738,1,0.195,-0.48,0.695,0
0.057045,0.039691,1,0.1955,-0.48,0.6955,0
0.057071,0.039643,1,0.196,-0.48,0.696,0
0.057096,0.039596,1,0.1965,-0.48,0.6965,0
0.057122,0.039548,1,0.197,-0.48,0.697,0
0.057148,0.039501,1,0.1975,-0.48,0.6975,0
0.057174,0.039453,1,0.198,-0.48,0.698,0
0.057199,0.039406,1,0.1985,-0.48,0.6985,0
0.057225,0.039359,1,0.199,-0.48,0.699,0
0.057251,0.039311,1,0.1995,-0.48,0.6995,0
0.057277,0.039264,1,0.2,-0.48,0.7,0
0.057302,0.039216,1,0.2005,-0.48,0.7005,0
0.057328,0.039169,1,0.201,-0.48,0.701,0
0.057354,0.039121,1,0.2015,-0.48,0.7015,0
0.05738,0.039074,1,0.202,-0.48,0.702,0
0.057396,0.039029,1,0.2025,-0.48,0.7025,0
0.057409,0.038984,1,0.203,-0.48,0.703,0
0.057423,0.038936,1,0.2035,-0.48,0.7035,0
0.057437,0.038888,1,0.204,-0.48,0.704,0
0.057452,0.03884,1,0.2045,-0.48,0.7045,0
0.057466,0.038792,1,0.205,-0.48,0.705,0
0.057481,0.038745,1,0.2055,-0.48,0.7055,0
0.057495,0.038697,1,0.206,-0.48,0.706,0
0.05751,0.038649,1,0.2065,-0.48,0.7065,0
0.057524,0.038601,1,0.207,-0.48,0.707,0
0.057538,0.038553,1,0.2075,-0.48,0.7075,0
0.057553,0.038505,1,0.208,-0.48,0.708,0
0.057567,0.038457,1,0.2085,-0.48,0.7085,0
0.057582,0.03841,1,0.209,-0.48,0.709,0
0.057596,0.038362,1,0.2095,-0.48,0.7095,0
0.057611,0.038314,1,0.21,-0.48,0.71,0
0.057615,0.038265,1,0.2105,-0.48,0.7105,0
0.057617,0.038217,1,0.211,-0.48,0.711,0
0.05762,0.038169,1,0.2115,-0.48,0.7115,0
0.057623,0.03812,1,0.212,-0.48,0.712,0
0.057626,0.038072,1,0.2125,-0.48,0.7125,0
0.057629,0.038024,1,0.213,-0.48,0.713,0
0.057632,0.037975,1,0.2135,-0.48,0.7135,0
0.057635,0.037927,1,0.214,-0.48,0.714,0
0.057639,0.037879,1,0.2145,-0.48,0.7145,0
0.057642,0.037831,1,0.215,-0.48,0.715,0
0.057645,0.037782,1,0.2155,-0.48,0.7155,0
0.057648,0.037734,1,0.216,-0.48,0.716,0
0.057651,0.037686,1,0.2165,-0.48,0.7165,0
0.057654,0.037637,1,0.217,-0.48,0.717,0
0.057657,0.037589,1,0.2175,-0.48,0.7175,0
0.05766,0.037541,1,0.218,-0.48,0.718,0
0.057683,0.03753,1,0.2185,-0.48,0.7185,0
0.057705,0.03748,1,0.219,-0.48,0.719,0
0.057726,0.037433,1,0.2195,-0.48,0.7195,0
0.057746,0.037386,1,0.22,-0.48,0.72,0
0.057767,0.037339,1,0.2205,-0.48,0.7205,0
0.057788,0.037292,1,0.221,-0.48,0.721,0
0.057808,0.037244,1,0.2215,-0.48,0.7215,0
0.057829,0.037197,1,0.222,-0.48,0.722,0
0.05785,0.03715,1,0.2225,-0.48,0.7225,0
0.05787,0.037103,1,0.223,-0.48,0.723,0
0.057891,0.037056,1,0.2235,-0.48,0.7235,0
0.057911,0.037009,1,0.224,-0.48,0.724,0
0.057932,0.036961,1,0.2245,-0.48,0.7245,0
0.057953,0.036914,1,0.225,-0.48,0.725,0
0.057973,0.036867,1,0.2255,-0.48,0.7255,0
0.057994,0.03682,1,0.226,-0.48,0.726,0
0.058015,0.036773,1,0.2265,-0.48,0.7265,0
0.058035,0.036726,1,0.227,-0.48,0.727,0
0.058053,0.036678,1,0.2275,-0.48,0.7275,0
0.058069,0.036631,1,0.228,-0.48,0.728,0
0.058083,0.036585,1,0.2285,-0.48,0.7285,0
0.058097,0.036539,1,0.229,-0.48,0.729,0
0.058111,0.036494,1,0.2295,-0.48,0.7295,0
0.058125,0.036448,1,0.23,-0.48,0.73,0
0.05814,0.036402,1,0.2305,-0.48,0.7305,0
0.058154,0.036356,1,0.231,-0.48,0.731,0
0.058168,0.036311,1,0.2315,-0.48,0.7315,0
0.058182,0.036265,1,0.232,-0.48,0.732,0
0.058196,0.036219,1,0.2325,-0.48,0.7325,0
0.05821,0.036174,1,0.233,-0.48,0.733,0
0.058224,0.036128,1,0.2335,-0.48,0.7335,0
0.058238,0.036082,1,0.234,-0.48,0.734,0
0.058252,0.036037,1,0.2345,-0.48,0.7345,0
0.058266,0.035991,1,0.235,-0.48,0.735,0
0.05828,0.035945,1,0.2355,-0.48,0.7355,0
0.058294,0.0359,1,0.236,-0.48,0.736,0
0.058307,0.035854,1,0.2365,-0.48,0.7365,0
0.058316,0.035809,1,0.237,-0.48,0.737,0
0.058325,0.035764,1,0.2375,-0.48,0.7375,0
0.058333,0.03572,1,0.238,-0.48,0.738,0
0.05834,0.035676,1,0.2385,-0.48,0.7385,0
0.058347,0.035632,1,0.239,-0.48,0.739,0
0.058355,0.035588,1,0.2395,-0.48,0.7395,0
0.058362,0.035543,1,0.24,-0.48,0.74,0
0.05837,0.035499,1,0.2405,-0.48,0.7405,0
0.058377,0.035455,1,0.241,-0.48,0.741,0
0.058385,0.035411,1,0.2415,-0.48,0.7415,0
0.058392,0.035367,1,0.242,-0.48,0.742,0
0.0584,0.035322,1,0.2425,-0.48,0.7425,0
0.058407,0.035278,1,0.243,-0.48,0.743,0
0.058415,0.035234,1,0.2435,-0.48,0.7435,0
0.058422,0.03519,1,0.244,-0.48,0.744,0
0.05843,0.035146,1,0.2445,-0.48,0.7445,0
0.058437,0.035101,1,0.245,-0.48,0.745,0
0.058444,0.035057,1,0.2455,-0.48,0.7455,0
0.058448,0.035014,1,0.246,-0.48,0.746,0
0.058451,0.034972,1,0.2465,-0.48,0.7465,0
0.058452,0.034929,1,0.247,-0.48,0.747,0
0.058453,0.034886,1,0.2475,-0.48,0.7475,0
0.058454,0.034844,1,0.248,-0.48,0.748,0
0.058454,0.034801,1,0.2485,-0.48,0.7485,0
0.058455,0.034758,1,0.249,-0.48,0.749,0
0.058456,0.034715,1,0.2495,-0.48,0.7495,0
0.058457,0.034673,1,0.25,-0.48,0.75,0
0.058458,0.03463,1,0.2505,-0.48,0.7505,0
0.058459,0.034587,1,0.251,-0.48,0.751,0
0.05846,0.034545,1,0.2515,-0.48,0.7515,0
0.058461,0.034502,1,0.252,-0.48,0.752,0
0.058462,0.034459,1,0.2525,-0.48,0.7525,0
0.058462,0.034416,1,0.253,-0.48,0.753,0
0.058463,0.034374,1,0.2535,-0.48,0.7535,0
0.058464,0.034331,1,0.254,-0.48,0.754,0
0.058465,0.034288,1,0.2545,-0.48,0.7545,0
0.058463,0.034247,1,0.255,-0.48,0.755,0
0.058461,0.034207,1,0.2555,-0.48,0.7555,0
0.058455,0.034166,1,0.256,-0.48,0.756,0
0.05845,0.034124,1,0.2565,-0.48,0.7565,0
0.058444,0.034083,1,0.257,-0.48,0.757,0
0.058438,0.034042,1,0.2575,-0.48,0.7575,0
0.058432,0.034001,1,0.258,-0.48,0.758,0
0.058427,0.033959,1,0.2585,-0.48,0.7585,0
0.058421,0.033918,1,0.259,-0.48,0.759,0
0.058415,0.033877,1,0.2595,-0.48,0.7595,0
0.05841,0.033836,1,0.26,-0.48,0.76,0
0.058404,0.033795,1,0.2605,-0.48,0.7605,0
0.058398,0.033753,1,0.261,-0.48,0.761,0
0.058393,0.033712,1,0.2615,-0.48,0.7615,0
0.058387,0.033671,1,0.262,-0.48,0.762,0
0.058381,0.03363,1,0.2625,-0.48,0.7625,0
0.058375,0.033588,1,0.263,-0.48,0.763,0
0.05837,0.033547,1,0.2635,-0.48,0.7635,0
0.058362,0.033533,1,0.264,-0.48,0.764,0
0.058377,0.033495,1,0.2645,-0.48,0.7645,0
0.05839,0.033457,1,0.265,-0.48,0.765,0
0.058403,0.033418,1,0.2655,-0.48,0.7655,0
0.058416,0.033379,1,0.266,-0.48,0.766,0
0.058429,0.033339,1,0.2665,-0.48,0.7665,0
0.058442,0.0333,1,0.267,-0.48,0.767,0
0.058455,0.033261,1,0.2675,-0.48,0.7675,0
0.058468,0.033222,1,0.268,-0.48,0.768,0
0.058481,0.033183,1,0.2685,-0.48,0.7685,0
0.058494,0.033144,1,0.269,-0.48,0.769,0
0.058507,0.033105,1,0.2695,-0.48,0.7695,0
0.05852,0.033066,1,0.27,-0.48,0.77,0
0.058534,0.033027,1,0.2705,-0.48,0.7705,0
0.058547,0.032988,1,0.271,-0.48,0.771,0
0.05856,0.032949,1,0.2715,-0.48,0.7715,0
0.058573,0.03291,1,0.272,-0.48,0.772,0
0.058586,0.03287,1,0.2725,-0.48,0.7725,0
0.058599,0.032831,1,0.273,-0.48,0.773,0
0.058612,0.032792,1,0.2735,-0.48,0.7735,0
0.058625,0.032753,1,0.274,-0.48,0.774,0
0.058637,0.032715,1,0.2745,-0.48,0.7745,0
0.058647,0.032679,1,0.275,-0.48,0.775,0
0.058657,0.032642,1,0.2755,-0.48,0.7755,0
0.058666,0.032604,1,0.276,-0.48,0.776,0
0.058676,0.032567,1,0.2765,-0.48,0.7765,0
0.058685,0.032529,1,0.277,-0.48,0.777,0
0.058694,0.032491,1,0.2775,-0.48,0.7775,0
0.058703,0.032454,1,0.278,-0.48,0.778,0
0.058713,0.032416,1,0.2785,-0.48,0.7785,0
0.058722,0.032379,1,0.279,-0.48,0.779,0
0.058731,0.032341,1,0.2795,-0.48,0.7795,0
0.058741,0.032303,1,0.28,-0.48,0.78,0
0.05875,0.032266,1,0.2805,-0.48,0.7805,0
0.058759,0.032228,1,0.281,-0.48,0.781,0
0.058768,0.03219,1,0.2815,-0.48,0.7815,0
0.058778,0.032153,1,0.282,-0.48,0.782,0
0.058787,0.032115,1,0.2825,-0.48,0.7825,0
0.058796,0.032077,1,0.283,-0.48,0.783,0
0.058805,0.03204,1,0.2835,-0.48,0.7835,0
0.058815,0.032002,1,0.284,-0.48,0.784,0
0.058824,0.031965,1,0.2845,-0.48,0.7845,0
0.058832,0.031928,1,0.285,-0.48,0.785,0
0.058839,0.031893,1,0.2855,-0.48,0.7855,0
0.058846,0.031857,1,0.286,-0.48,0.786,0
0.058851,0.031821,1,0.2865,-0.48,0.7865,0
0.058857,0.031785,1,0.287,-0.48,0.787,0
0.058862,0.031749,1,0.2875,-0.48,0.7875,0
0.058868,0.031712,1,0.288,-0.48,0.788,0
0.058873,0.031676,1,0.2885,-0.48,0.7885,0
0.058879,0.03164,1,0.289,-0.48,0.789,0
0.058884,0.031604,1,0.2895,-0.48,0.7895,0
0.05889,0.031568,1,0.29,-0.48,0.79,0
0.058895,0.031531,1,0.2905,-0.48,0.7905,0
0.058901,0.031495,1,0.291,-0.48,0.791,0
0.058906,0.031459,1,0.2915,-0.48,0.7915,0
0.058912,0.031423,1,0.292,-0.48,0.792,0
0.058917,0.031387,1,0.2925,-0.48,0.7925,0
0.058923,0.03135,1,0.293,-0.48,0.793,0
0.058928,0.031314,1,0.2935,-0.48,0.7935,0
0.058934,0.031278,1,0.294,-0.48,0.794,0
0.058939,0.031242,1,0.2945,-0.48,0.7945,0
0.058945,0.031206,1,0.295,-0.48,0.795,0
0.058949,0.03117,1,0.2955,-0.48,0.7955,0
0.058953,0.031137,1,0.296,-0.48,0.796,0
0.058956,0.031102,1,0.2965,-0.48,0.7965,0
0.058957,0.031068,1,0.297,-0.48,0.797,0
0.058959,0.031033,1,0.2975,-0.48,0.7975,0
0.058961,0.030998,1,0.298,-0.48,0.798,0
0.058963,0.030963,1,0.2985,-0.48,0.7985,0
0.058964,0.030929,1,0.299,-0.48,0.799,0
0.058966,0.030894,1,0.2995,-0.48,0.7995,0
0.058968,0.030859,1,0.3,-0.48,0.8,0
0.05897,0.030824,1,0.3005,-0.48,0.8005,0
0.058971,0.03079,1,0.301,-0.48,0.801,0
0.058973,0.030755,1,0.3015,-0.48,0.8015,0
0.058975,0.03072,1,0.302,-0.48,0.802,0
0.058977,0.030685,1,0.3025,-0.48,0.8025,0
0.058978,0.030651,1,0.303,-0.48,0.803,0
0.05898,0.030616,1,0.3035,-0.48,0.8035,0
0.058982,0.030581,1,0.304,-0.48,0.804,0
0.058983,0.030546,1,0.3045,-0.48,0.8045,0
0.058985,0.030512,1,0.305,-0.48,0.805,0
0.058987,0.030477,1,0.3055,-0.48,0.8055,0
0.058988,0.030443,1,0.306,-0.48,0.806,0
0.058988,0.03041,1,0.3065,-0.48,0.8065,0
0.058987,0.030378,1,0.307,-0.48,0.807,0
0.058985,0.030344,1,0.3075,-0.48,0.8075,0
0.058983,0.030311,1,0.308,-0.48,0.808,0
0.058981,0.030278,1,0.3085,-0.48,0.8085,0
0.058979,0.030244,1,0.309,-0.48,0.809,0
0.058977,0.030211,1,0.3095,-0.48,0.8095,0
0.058975,0.030178,1,0.31,-0.48,0.81,0
0.058973,0.030145,1,0.3105,-0.48,0.8105,0
0.058971,0.030111,1,0.311,-0.48,0.811,0
0.058969,0.030078,1,0.3115,-0.48,0.8115,0
0.058967,0.030045,1,0.312,-0.48,0.812,0
0.058965,0.030011,1,0.3125,-0.48,0.8125,0
0.058963,0.029978,1,0.313,-0.48,0.813,0
0.058961,0.029945,1,0.3135,-0.48,0.8135,0
0.058959,0.029911,1,0.314,-0.48,0.814,0
0.058957,0.029878,1,0.3145,-0.48,0.8145,0
0.058955,0.029845,1,0.315,-0.48,0.815,0
0.058953,0.029811,1,0.3155,-0.48,0.8155,0
0.058951,0.029778,1,0.316,-0.48,0.816,0
0.058949,0.029763,1,0.3165,-0.48,0.8165,0
0.058956,0.029732,1,0.317,-0.48,0.817,0
0.058963,0.0297,1,0.3175,-0.48,0.8175,0
0.058969,0.029669,1,0.318,-0.48,0.818,0
0.058975,0.029637,1,0.3185,-0.48,0.8185,0
0.058982,0.029605,1,0.319,-0.48,0.819,0
0.058988,0.029573,1,0.3195,-0.48,0.8195,0
0.058994,0.029542,1,0.32,-0.48,0.82,0
0.059001,0.02951,1,0.3205,-0.48,0.8205,0
0.059007,0.029478,1,0.321,-0.48,0.821,0
0.059013,0.029447,1,0.3215,-0.48,0.8215,0
0.05902,0.029415,1,0.322,-0.48,0.822,0
0.059026,0.029383,1,0.3225,-0.48,0.8225,0
0.059032,0.029351,1,0.323,-0.48,0.823,0
0.059039,0.02932,1,0.3235,-0.48,0.8235,0
0.059045,0.029288,1,0.324,-0.48,0.824,0
0.059051,0.029256,1,0.3245,-0.48,0.8245,0
0.059057,0.029224,1,0.325,-0.48,0.825,0
0.059064,0.029193,1,0.3255,-0.48,0.8255,0
0.05907,0.029161,1,0.326,-0.48,0.826,0
0.059076,0.029129,1,0.3265,-0.48,0.8265,0
0.059083,0.029098,1,0.327,-0.48,0.827,0
0.059089,0.029066,1,0.3275,-0.48,0.8275,0
0.059095,0.029034,1,0.328,-0.48,0.828,0
0.059101,0.029003,1,0.3285,-0.48,0.8285,0
0.059107,0.028973,1,0.329,-0.48,0.829,0
0.059112,0.028943,1,0.3295,-0.48,0.8295,0
0.059117,0.028912,1,0.33,-0.48,0.83,0
0.059122,0.028881,1,0.3305,-0.48,0.8305,0
0.059126,0.028851,1,0.331,-0.48,0.831,0
0.059131,0.02882,1,0.3315,-0.48,0.8315,0
0.059135,0.02879,1,0.332,-0.48,0.832,0
0.05914,0.028759,1,0.3325,-0.48,0.8325,0
0.059144,0.028729,1,0.333,-0.48,0.833,0
0.059149,0.028698,1,0.3335,-0.48,0.8335,0
0.059153,0.028667,1,0.334,-0.48,0.834,0
0.059158,0.028637,1,0.3345,-0.48,0.8345,0
0.059162,0.028606,1,0.335,-0.48,0.835,0
0.059167,0.028576,1,0.3355,-0.48,0.8355,0
0.059171,0.028545,1,0.336,-0.48,0.836,0
0.059176,0.028514,1,0.3365,-0.48,0.8365,0
0.05918,0.028484,1,0.337,-0.48,0.837,0
0.059185,0.028453,1,0.3375,-0.48,0.8375,0
0.059189,0.028423,1,0.338,-0.48,0.838,0
0.059194,0.028392,1,0.3385,-0.48,0.8385,0
0.059198,0.028361,1,0.339,-0.48,0.839,0
0.059203,0.028331,1,0.3395,-0.48,0.8395,0
0.059207,0.0283,1,0.34,-0.48,0.84,0
0.059212,0.02827,1,0.3405,-0.48,0.8405,0
0.059215,0.028241,1,0.341,-0.48,0.841,0
0.059219,0.028212,1,0.3415,-0.48,0.8415,0
0.059222,0.028183,1,0.342,-0.48,0.842,0
0.059225,0.028153,1,0.3425,-0.48,0.8425,0
0.059228,0.028124,1,0.343,-0.48,0.843,0
0.05923,0.028094,1,0.3435,-0.48,0.8435,0
0.059233,0.028065,1,0.344,-0.48,0.844,0
0.059236,0.028035,1,0.3445,-0.48,0.8445,0
0.059239,0.028006,1,0.345,-0.48,0.845,0
0.059241,0.027976,1,0.3455,-0.48,0.8455,0
0.059244,0.027947,1,0.346,-0.48,0.846,0
0.059247,0.027918,1,0.3465,-0.48,0.8465,0
0.059249,0.027888,1,0.347,-0.48,0.847,0
0.059252,0.027859,1,0.3475,-0.48,0.8475,0
0.059255,0.027829,1,0.348,-0.48,0.848,0
0.059258,0.0278,1,0.3485,-0.48,0.8485,0
0.05926,0.02777,1,0.349,-0.48,0.849,0
0.059263,0.027741,1,0.3495,-0.48,0.8495,0
0.059266,0.027711,1,0.35,-0.48,0.85,0
0.059268,0.027682,1,0.3505,-0.48,0.8505,0
0.059271,0.027653,1,0.351,-0.48,0.851,0
0.059274,0.027623,1,0.3515,-0.48,0.8515,0
0.059276,0.027594,1,0.352,-0.48,0.852,0
0.059279,0.027564,1,0.3525,-0.48,0.8525,0
0.059281,0.027536,1,0.353,-0.48,0.853,0
0.059283,0.027508,1,0.3535,-0.48,0.8535,0
0.059285,0.02748,1,0.354,-0.48,0.854,0
0.059286,0.027452,1,0.3545,-0.48,0.8545,0
0.059287,0.027424,1,0.355,-0.48,0.855,0
0.059288,0.027395,1,0.3555,-0.48,0.8555,0
0.059289,0.027367,1,0.356,-0.48,0.856,0
0.059289,0.027339,1,0.3565,-0.48,0.8565,0
0.05929,0.02731,1,0.357,-0.48,0.857,0
0.059291,0.027282,1,0.3575,-0.48,0.8575,0
0.059292,0.027254,1,0.358,-0.48,0.858,0
0.059293,0.027225,1,0.3585,-0.48,0.8585,0
0.059294,0.027197,1,0.359,-0.48,0.859,0
0.059295,0.027169,1,0.3595,-0.48,0.8595,0
0.059296,0.02714,1,0.36,-0.48,0.86,0
0.059297,0.027112,1,0.3605,-0.48,0.8605,0
0.059298,0.027084,1,0.361,-0.48,0.861,0
0.059299,0.027056,1,0.3615,-0.48,0.8615,0
0.059299,0.027027,1,0.362,-0.48,0.862,0
0.0593,0.026999,1,0.3625,-0.48,0.8625,0
0.059301,0.026971,1,0.363,-0.48,0.863,0
0.059302,0.026942,1,0.3635,-0.48,0.8635,0
0.059303,0.026914,1,0.364,-0.48,0.864,0
0.059304,0.026886,1,0.3645,-0.48,0.8645,0
0.059305,0.026858,1,0.365,-0.48,0.865,0
0.059305,0.026832,1,0.3655,-0.48,0.8655,0
0.059305,0.026805,1,0.366,-0.48,0.866,0
0.059304,0.026778,1,0.3665,-0.48,0.8665,0
0.059303,0.026751,1,0.367,-0.48,0.867,0
0.059302,0.026723,1,0.3675,-0.48,0.8675,0
0.059301,0.026696,1,0.368,-0.48,0.868,0
0.0593,0.026669,1,0.3685,-0.48,0.8685,0
0.0593,0.026642,1,0.369,-0.48,0.869,0
0.059299,0.026615,1,0.3695,-0.48,0.8695,0
0.059298,0.026587,1,0.37,-0.48,0.87,0
0.059297,0.02656,1,0.3705,-0.48,0.8705,0
0.059296,0.026533,1,0.371,-0.48,0.871,0
0.059295,0.026506,1,0.3715,-0.48,0.8715,0
0.059294,0.026479,1,0.372,-0.48,0.872,0
0.059293,0.026452,1,0.3725,-0.48,0.8725,0
0.059292,0.026424,1,0.373,-0.48,0.873,0
0.059292,0.026397,1,0.3735,-0.48,0.8735,0
0.059291,0.02637,1,0.374,-0.48,0.874,0
0.05929,0.026343,1,0.3745,-0.48,0.8745,0
0.059289,0.026316,1,0.375,-0.48,0.875,0
0.059288,0.026289,1,0.3755,-0.48,0.8755,0
0.059287,0.026261,1,0.376,-0.48,0.876,0
0.059286,0.026234,1,0.3765,-0.48,0.8765,0
0.059283,0.026217,1,0.377,-0.48,0.877,0
0.059285,0.026191,1,0.3775,-0.48,0.8775,0
0.059288,0.026166,1,0.378,-0.48,0.878,0
0.059289,0.02614,1,0.3785,-0.48,0.8785,0
0.059291,0.026115,1,0.379,-0.48,0.879,0
0.059292,0.026089,1,0.3795,-0.48,0.8795,0
0.059294,0.026063,1,0.38,-0.48,0.88,0
0.059295,0.026037,1,0.3805,-0.48,0.8805,0
0.059296,0.026012,1,0.381,-0.48,0.881,0
0.059298,0.025986,1,0.3815,-0.48,0.8815,0
0.059299,0.02596,1,0.382,-0.48,0.882,0
0.059301,0.025934,1,0.3825,-0.48,0.8825,0
0.059302,0.025908,1,0.383,-0.48,0.883,0
0.059304,0.025883,1,0.3835,-0.48,0.8835,0
0.059305,0.025857,1,0.384,-0.48,0.884,0
0.059307,0.025831,1,0.3845,-0.48,0.8845,0
0.059308,0.025805,1,0.385,-0.48,0.885,0
0.059309,0.02578,1,0.3855,-0.48,0.8855,0
0.059311,0.025754,1,0.386,-0.48,0.886,0
0.059312,0.025728,1,0.3865,-0.48,0.8865,0
0.059314,0.025702,1,0.387,-0.48,0.887,0
0.059315,0.025677,1,0.3875,-0.48,0.8875,0
0.059317,0.025651,1,0.388,-0.48,0.888,0
0.059318,0.025625,1,0.3885,-0.48,0.8885,0
0.05932,0.025599,1,0.389,-0.48,0.889,0
0.059321,0.025574,1,0.3895,-0.48,0.8895,0
0.059323,0.025548,1,0.39,-0.48,0.89,0
0.059324,0.025522,1,0.3905,-0.48,0.8905,0
0.059326,0.025497,1,0.391,-0.48,0.891,0
0.059327,0.025473,1,0.3915,-0.48,0.8915,0
0.059329,0.025449,1,0.392,-0.48,0.892,0
0.05933,0.025424,1,0.3925,-0.48,0.8925,0
0.059331,0.025399,1,0.393,-0.48,0.893,0
0.059332,0.025375,1,0.3935,-0.48,0.8935,0
0.059333,0.02535,1,0.394,-0.48,0.894,0
0.059335,0.025325,1,0.3945,-0.48,0.8945,0
0.059336,0.0253,1,0.395,-0.48,0.895,0
0.059337,0.025276,1,0.3955,-0.48,0.8955,0
0.059338,0.025251,1,0.396,-0.48,0.896,0
0.059339,0.025226,1,0.3965,-0.48,0.8965,0
0.05934,0.025201,1,0.397,-0.48,0.897,0
0.059341,0.025177,1,0.3975,-0.48,0.8975,0
0.059342,0.025152,1,0.398,-0.48,0.898,0
0.059343,0.025127,1,0.3985,-0.48,0.8985,0
0.059344,0.025103,1,0.399,-0.48,0.899,0
0.059345,0.025078,1,0.3995,-0.48,0.8995,0
0.059346,0.025053,1,0.4,-0.48,0.9,0
0.059347,0.025028,1,0.4005,-0.48,0.9005,0
0.059348,0.025004,1,0.401,-0.48,0.901,0
0.059349,0.024979,1,0.4015,-0.48,0.9015,0
0.05935,0.024954,1,0.402,-0.48,0.902,0
0.059351,0.024929,1,0.4025,-0.48,0.9025,0
0.059352,0.024905,1,0.403,-0.48,0.903,0
0.059353,0.02488,1,0.4035,-0.48,0.9035,0
0.059354,0.024855,1,0.404,-0.48,0.904,0
0.059355,0.024831,1,0.4045,-0.48,0.9045,0
0.059357,0.024807,1,0.405,-0.48,0.905,0
0.059358,0.024784,1,0.4055,-0.48,0.9055,0
0.059359,0.02476,1,0.406,-0.48,0.906,0
0.05936,0.024737,1,0.4065,-0.48,0.9065,0
0.059361,0.024713,1,0.407,-0.48,0.907,0
0.059361,0.024689,1,0.4075,-0.48,0.9075,0
0.059362,0.024666,1,0.408,-0.48,0.908,0
0.059363,0.024642,1,0.4085,-0.48,0.9085,0
0.059363,0.024618,1,0.409,-0.48,0.909,0
0.059364,0.024594,1,0.4095,-0.48,0.9095,0
0.059364,0.024571,1,0.41,-0.48,0.91,0
0.059365,0.024547,1,0.4105,-0.48,0.9105,0
0.059366,0.024523,1,0.411,-0.48,0.911,0
0.059366,0.0245,1,0.4115,-0.48,0.9115,0
0.059367,0.024476,1,0.412,-0.48,0.912,0
0.059368,0.024452,1,0.4125,-0.48,0.9125,0
0.059368,0.024429,1,0.413,-0.48,0.913,0
0.059369,0.024405,1,0.4135,-0.48,0.9135,0
0.059369,0.024381,1,0.414,-0.48,0.914,0
0.05937,0.024358,1,0.4145,-0.48,0.9145,0
0.059371,0.024334,1,0.415,-0.48,0.915,0
0.059371,0.02431,1,0.4155,-0.48,0.9155,0
0.059372,0.024287,1,0.416,-0.48,0.916,0
0.059373,0.024263,1,0.4165,-0.48,0.9165,0
0.059373,0.024239,1,0.417,-0.48,0.917,0
0.059374,0.024215,1,0.4175,-0.48,0.9175,0
0.059374,0.024192,1,0.418,-0.48,0.918,0
0.059375,0.024168,1,0.4185,-0.48,0.9185,0
0.059376,0.024146,1,0.419,-0.48,0.919,0
0.059377,0.024123,1,0.4195,-0.48,0.9195,0
0.059378,0.024101,1,0.42,-0.48,0.92,0
0.059378,0.024078,1,0.4205,-0.48,0.9205,0
0.059378,0.024056,1,0.421,-0.48,0.921,0
0.059379,0.024033,1,0.4215,-0.48,0.9215,0
0.059379,0.02401,1,0.422,-0.48,0.922,0
0.059379,0.023988,1,0.4225,-0.48,0.9225,0
0.059379,0.023965,1,0.423,-0.48,0.923,0
0.059379,0.023942,1,0.4235,-0.48,0.9235,0
0.05938,0.02392,1,0.424,-0.48,0.924,0
0.05938,0.023897,1,0.4245,-0.48,0.9245,0
0.05938,0.023874,1,0.425,-0.48,0.925,0
0.05938,0.023852,1,0.4255,-0.48,0.9255,0
0.05938,0.023829,1,0.426,-0.48,0.926,0
0.059381,0.023806,1,0.4265,-0.48,0.9265,0
0.059381,0.023784,1,0.427,-0.48,0.927,0
0.059381,0.023761,1,0.4275,-0.48,0.9275,0
0.059381,0.023739,1,0.428,-0.48,0.928,0
0.059382,0.023716,1,0.4285,-0.48,0.9285,0
0.059382,0.023693,1,0.429,-0.48,0.929,0
0.059382,0.023671,1,0.4295,-0.48,0.9295,0
0.059382,0.023648,1,0.43,-0.48,0.93,0
0.059382,0.023625,1,0.4305,-0.48,0.9305,0
0.059383,0.023603,1,0.431,-0.48,0.931,0
0.059383,0.02358,1,0.4315,-0.48,0.9315,0
0.059383,0.023557,1,0.432,-0.48,0.932,0
0.059383,0.023535,1,0.4325,-0.48,0.9325,0
0.059384,0.023514,1,0.433,-0.48,0.933,0
0.059385,0.023492,1,0.4335,-0.48,0.9335,0
0.059385,0.023471,1,0.434,-0.48,0.934,0
0.059385,0.023449,1,0.4345,-0.48,0.9345,0
0.059384,0.023428,1,0.435,-0.48,0.935,0
0.059384,0.023406,1,0.4355,-0.48,0.9355,0
0.059384,0.023384,1,0.436,-0.48,0.936,0
0.059384,0.023363,1,0.4365,-0.48,0.9365,0
0.059384,0.023341,1,0.437,-0.48,0.937,0
0.059383,0.023319,1,0.4375,-0.48,0.9375,0
0.059383,0.023298,1,0.438,-0.48,0.938,0
0.059383,0.023276,1,0.4385,-0.48,0.9385,0
0.059383,0.023255,1,0.439,-0.48,0.939,0
0.059383,0.023233,1,0.4395,-0.48,0.9395,0
0.059382,0.023211,1,0.44,-0.48,0.94,0
0.059382,0.02319,1,0.4405,-0.48,0.9405,0
0.059382,0.023168,1,0.441,-0.48,0.941,0
0.059382,0.023146,1,0.4415,-0.48,0.9415,0
0.059382,0.023125,1,0.442,-0.48,0.942,0
0.059381,0.023103,1,0.4425,-0.48,0.9425,0
0.059381,0.023082,1,0.443,-0.48,0.943,0
0.059381,0.02306,1,0.4435,-0.48,0.9435,0
0.059381,0.023038,1,0.444,-0.48,0.944,0
0.059381,0.023017,1,0.4445,-0.48,0.9445,0
0.05938,0.022995,1,0.445,-0.48,0.945,0
0.05938,0.022973,1,0.4455,-0.48,0.9455,0
0.05938,0.022952,1,0.446,-0.48,0.946,0
0.059377,0.022932,1,0.4465,-0.48,0.9465,0
0.059377,0.022912,1,0.447,-0.48,0.947,0
0.059376,0.022891,1,0.4475,-0.48,0.9475,0
0.059376,0.022871,1,0.448,-0.48,0.948,0
0.059375,0.02285,1,0.4485,-0.48,0.9485,0
0.059374,0.02283,1,0.449,-0.48,0.949,0
0.059373,0.022809,1,0.4495,-0.48,0.9495,0
0.059372,0.022789,1,0.45,-0.48,0.95,0
0.059371,0.022768,1,0.4505,-0.48,0.9505,0
0.05937,0.022748,1,0.451,-0.48,0.951,0
0.059369,0.022727,1,0.4515,-0.48,0.9515,0
0.059368,0.022707,1,0.452,-0.48,0.952,0
0.059367,0.022686,1,0.4525,-0.48,0.9525,0
0.059366,0.022665,1,0.453,-0.48,0.953,0
0.059365,0.022645,1,0.4535,-0.48,0.9535,0
0.059364,0.022624,1,0.454,-0.48,0.954,0
0.059363,0.022604,1,0.4545,-0.48,0.9545,0
0.059362,0.022583,1,0.455,-0.48,0.955,0
0.059361,0.022563,1,0.4555,-0.48,0.9555,0
0.05936,0.022542,1,0.456,-0.48,0.956,0
0.059359,0.022521,1,0.4565,-0.48,0.9565,0
0.059358,0.022501,1,0.457,-0.48,0.957,0
0.059357,0.02248,1,0.4575,-0.48,0.9575,0
0.059356,0.02246,1,0.458,-0.48,0.958,0
0.059355,0.022439,1,0.4585,-0.48,0.9585,0
0.059354,0.022419,1,0.459,-0.48,0.959,0
0.059353,0.022398,1,0.4595,-0.48,0.9595,0
0.059352,0.022377,1,0.46,-0.48,0.96,0
0.059351,0.022357,1,0.4605,-0.48,0.9605,0
0.05935,0.022336,1,0.461,-0.48,0.961,0
0.059349,0.022316,1,0.4615,-0.48,0.9615,0
0.059348,0.022295,1,0.462,-0.48,0.962,0
0.059347,0.022275,1,0.4625,-0.48,0.9625,0
0.059347,0.022256,1,0.463,-0.48,0.963,0
0.059347,0.022236,1,0.4635,-0.48,0.9635,0
0.059346,0.022217,1,0.464,-0.48,0.964,0
0.059345,0.022197,1,0.4645,-0.48,0.9645,0
0.059344,0.022177,1,0.465,-0.48,0.965,0
0.059343,0.022157,1,0.4655,-0.48,0.9655,0
0.059343,0.022138,1,0.466,-0.48,0.966,0
0.059342,0.022118,1,0.4665,-0.48,0.9665,0
0.059341,0.022098,1,0.467,-0.48,0.967,0
0.05934,0.022079,1,0.4675,-0.48,0.9675,0
0.059339,0.022059,1,0.468,-0.48,0.968,0
0.059338,0.022039,1,0.4685,-0.48,0.9685,0
0.059337,0.022019,1,0.469,-0.48,0.969,0
0.059336,0.022,1,0.4695,-0.48,0.9695,0
0.059335,0.02198,1,0.47,-0.48,0.97,0
0.059334,0.02196,1,0.4705,-0.48,0.9705,0
0.059334,0.021941,1,0.471,-0.48,0.971,0
0.059333,0.021921,1,0.4715,-0.48,0.9715,0
0.059332,0.021901,1,0.472,-0.48,0.972,0
0.059331,0.021881,1,0.4725,-0.48,0.9725,0
0.05933,0.021862,1,0.473,-0.48,0.973,0
0.059329,0.021842,1,0.4735,-0.48,0.9735,0
0.059328,0.021822,1,0.474,-0.48,0.974,0
0.059327,0.021803,1,0.4745,-0.48,0.9745,0
0.059326,0.021783,1,0.475,-0.48,0.975,0
0.059326,0.021763,1,0.4755,-0.48,0.9755,0
0.059325,0.021743,1,0.476,-0.48,0.976,0
0.059324,0.021724,1,0.4765,-0.48,0.9765,0
0.059323,0.021704,1,0.477,-0.48,0.977,0
0.059322,0.021684,1,0.4775,-0.48,0.9775,0
0.059321,0.021665,1,0.478,-0.48,0.978,0
0.05932,0.021645,1,0.4785,-0.48,0.9785,0
0.05932,0.021627,1,0.479,-0.48,0.979,0
0.05932,0.021608,1,0.4795,-0.48,0.9795,0
0.05932,0.021589,1,0.48,-0.48,0.98,0
0.059319,0.02157,1,0.4805,-0.48,0.9805,0
0.059318,0.021551,1,0.481,-0.48,0.981,0
0.059317,0.021533,1,0.4815,-0.48,0.9815,0
0.059316,0.021514,1,0.482,-0.48,0.982,0
0.059315,0.021495,1,0.4825,-0.48,0.9825,0
0.059315,0.021476,1,0.483,-0.48,0.983,0
0.059314,0.021457,1,0.4835,-0.48,0.9835,0
0.059313,0.021438,1,0.484,-0.48,0.984,0
0.059312,0.021419,1,0.4845,-0.48,0.9845,0
0.059311,0.021401,1,0.485,-0.48,0.985,0
0.059311,0.021382,1,0.4855,-0.48,0.9855,0
0.05931,0.021363,1,0.486,-0.48,0.986,0
0.059309,0.021344,1,0.4865,-0.48,0.9865,0
0.059308,0.021325,1,0.487,-0.48,0.987,0
0.059307,0.021306,1,0.4875,-0.48,0.9875,0
0.059307,0.021287,1,0.488,-0.48,0.988,0
0.059306,0.021269,1,0.4885,-0.48,0.9885,0
0.059305,0.02125,1,0.489,-0.48,0.989,0
0.059304,0.021231,1,0.4895,-0.48,0.9895,0
0.059303,0.021212,1,0.49,-0.48,0.99,0
0.059303,0.021193,1,0.4905,-0.48,0.9905,0
0.059302,0.021174,1,0.491,-0.48,0.991,0
0.059301,0.021155,1,0.4915,-0.48,0.9915,0
0.0593,0.021136,1,0.492,-0.48,0.992,0
0.059299,0.021118,1,0.4925,-0.48,0.9925,0
0.059299,0.021099,1,0.493,-0.48,0.993,0
0.059298,0.02108,1,0.4935,-0.48,0.9935,0
0.059297,0.021061,1,0.494,-0.48,0.994,0
0.059296,0.021043,1,0.4945,-0.48,0.9945,0
0.059296,0.021025,1,0.495,-0.48,0.995,0
0.059296,0.021007,1,0.4955,-0.48,0.9955,0
0.059296,0.020989,1,0.496,-0.48,0.996,0
0.059295,0.020971,1,0.4965,-0.48,0.9965,0
0.059294,0.020953,1,0.497,-0.48,0.997,0
0.059294,0.020935,1,0.4975,-0.48,0.9975,0
0.059293,0.020917,1,0.498,-0.48,0.998,0
0.059292,0.020899,1,0.4985,-0.48,0.9985,0
0.059291,0.020881,1,0.499,-0.48,0.999,0
0.059291,0.020863,1,0.4995,-0.48,0.9995,0
0.05929,0.020845,1,0.5,-0.48,1,0
